الحساب,الحساب الرئيسي,ختامي
   1-الموجودات,,الميزانية
      11-الموجودات الثابتة,الموجودات,الميزانية
         111-صافي التأسيس,الموجودات الثابتة,الميزانية
            1151-التأسيس,صافي التأسيس,الميزانية
            1152-مجمع اهتلاك التاسيس,صافي التأسيس,الميزانية
         112-صافي اجهزة القهوة وادواتها,الموجودات الثابتة,الميزانية
            11201-اجهزة القهوة وادواتها,صافي اجهزة القهوة وادواتها,الميزانية
            11202-مجمع اهتلاك اجهزة القهوة وادواتها,صافي اجهزة القهوة وادواتها,الميزانية
         113-صافي الأثاث والمفروشات,الموجودات الثابتة,الميزانية
            1131-الأثاث والمفروشات,صافي الأثاث والمفروشات,الميزانية
            1132-مجمع اهتلاك الأثاث والمفروشات,صافي الأثاث والمفروشات,الميزانية
         114-صافي الاجهزة الكهربائية والالكترونية,الموجودات الثابتة,الميزانية
            1141-الاجهزة الكهربائية والالكترونية,صافي الاجهزة الكهربائية والالكترونية,الميزانية
            1142-مجمع اهتلاك الاجهزة الكهربائية والالكترونية,صافي الاجهزة الكهربائية والالكترونية,الميزانية
         115-صافي الشعار والهوية البصرية,الموجودات الثابتة,الميزانية
            1153-الشعار والهوية البصرية,صافي الشعار والهوية البصرية,الميزانية
            1154-مجمع اهتلاك الشعار,صافي الشعار والهوية البصرية,الميزانية
         116-مصاريف تدفع لمرة واحدة,الموجودات الثابتة,الميزانية
         117-صافي الديكور,الموجودات الثابتة,الميزانية
            1171-الديكور,صافي الديكور,الميزانية
            1172-مجمع اهتلاك الديكور,صافي الديكور,الميزانية
      12-الموجودات المتداولة,الموجودات,الميزانية
         121-الزبائن,الموجودات المتداولة,الميزانية
            1211-عبدالاله السوادي,الزبائن,الميزانية
            12110-افنان الطحان,الزبائن,الميزانية
            121100-عبد الرحمن,الزبائن,الميزانية
            1211000-رواء عبد ربه,الزبائن,الميزانية
            1211001-حسن هواري,الزبائن,الميزانية
            1211002-زبيدة الشعار,الزبائن,الميزانية
            1211003-ناهدة البدوي,الزبائن,الميزانية
            1211004-سلمان بريغش,الزبائن,الميزانية
            1211005-هديل السوادي,الزبائن,الميزانية
            1211006-جاد الاحمر,الزبائن,الميزانية
            1211007-رهف كريكر,الزبائن,الميزانية
            1211008-محمد الهند,الزبائن,الميزانية
            1211009-راما سودان,الزبائن,الميزانية
            121101-وسام الاحمر,الزبائن,الميزانية
            1211010-بسام السوادي,الزبائن,الميزانية
            1211011-ابراهيم حجاز ي,الزبائن,الميزانية
            1211012-عمر المؤذن,الزبائن,الميزانية
            1211013-منتهى الخطيب,الزبائن,الميزانية
            1211014-محمد عرفة,الزبائن,الميزانية
            1211015-حسن الهواري,الزبائن,الميزانية
            1211016-امنة حجازي,الزبائن,الميزانية
            1211017-فادي دلة,الزبائن,الميزانية
            1211018-حسام الرفاعي,الزبائن,الميزانية
            1211019-وائل السوادي,الزبائن,الميزانية
            121102-قاسم,الزبائن,الميزانية
            1211020-عبد الطيف الاغبر,الزبائن,الميزانية
            1211021-معن الباشا,الزبائن,الميزانية
            1211022-عبد الملك لاغبر,الزبائن,الميزانية
            1211023-مسك ياسين,الزبائن,الميزانية
            1211024-عبد سميطة,الزبائن,الميزانية
            1211025-محمد البدوي,الزبائن,الميزانية
            1211026-اديب محمد,الزبائن,الميزانية
            1211027-عبدالله برمو,الزبائن,الميزانية
            1211028-مالك عرنوس,الزبائن,الميزانية
            1211029-رهام معتوق,الزبائن,الميزانية
            121103-هناء,الزبائن,الميزانية
            1211030-طلال حجازي,الزبائن,الميزانية
            1211031-لجين الاغبر,الزبائن,الميزانية
            1211032-بتول سميطة,الزبائن,الميزانية
            1211033-خالدة فرحات,الزبائن,الميزانية
            1211034-مقداد قشوم,الزبائن,الميزانية
            1211035-سمية حسين,الزبائن,الميزانية
            1211036-غلا جميلة,الزبائن,الميزانية
            1211037-عبد الملك الاغبر,الزبائن,الميزانية
            1211038-الرفاعي 5647,الزبائن,الميزانية
            1211039-منى صبرة,الزبائن,الميزانية
            121104-سعيد سلامة,الزبائن,الميزانية
            1211040-حمد عابدة,الزبائن,الميزانية
            1211041-حنين البج 2,الزبائن,الميزانية
            1211042-خالد الطحان,الزبائن,الميزانية
            1211043-ابو علي دعبول,الزبائن,الميزانية
            1211044-راما سنجاب,الزبائن,الميزانية
            1211045-عمر المصري,الزبائن,الميزانية
            1211046-عبدالوهاب السوادي,الزبائن,الميزانية
            1211047-غزل الهندي,الزبائن,الميزانية
            1211048-هيثم كلثم,الزبائن,الميزانية
            1211049-ياسر هواري,الزبائن,الميزانية
            121105-حالد جميلة,الزبائن,الميزانية
            1211050-احمد الغبرة,الزبائن,الميزانية
            1211051-مجد البدوي,الزبائن,الميزانية
            1211052-حفيظة منيني,الزبائن,الميزانية
            1211053-ربيع الحمصي,الزبائن,الميزانية
            1211054-أبو يامن سمور,الزبائن,الميزانية
            1211055-سجى عرنوس,الزبائن,الميزانية
            1211056-ليال فرحات,الزبائن,الميزانية
            1211057-رائد جاموس,الزبائن,الميزانية
            1211058-فايزة دقماق,الزبائن,الميزانية
            1211059-محمد سنجاب,الزبائن,الميزانية
            121106-مريم الشلبي,الزبائن,الميزانية
            1211060-تسنيم ياسين,الزبائن,الميزانية
            1211061-رشا سلجة,الزبائن,الميزانية
            1211062-عبد الرحمن صلاح,الزبائن,الميزانية
            1211063-عقيل عرنوس,الزبائن,الميزانية
            1211064-غفران سلمى,الزبائن,الميزانية
            1211065-ابرار الزهراني,الزبائن,الميزانية
            1211066-شفاء الزهراني,الزبائن,الميزانية
            1211067-أم جهاد سنجاب,الزبائن,الميزانية
            1211068-رغد عبدالحي,الزبائن,الميزانية
            1211069-دلال عنبرة,الزبائن,الميزانية
            121107-لطيفة عبيد,الزبائن,الميزانية
            1211070-مريم الاغبر,الزبائن,الميزانية
            1211071-روعة السوادي,الزبائن,الميزانية
            1211072-اروى عبد الله,الزبائن,الميزانية
            1211073-نسيبة الغبرة,الزبائن,الميزانية
            1211074-الاء سنجاب,الزبائن,الميزانية
            1211075-اية مرعي,الزبائن,الميزانية
            1211076-هيا الرفاعي,الزبائن,الميزانية
            1211077-شهد خليفة,الزبائن,الميزانية
            1211078-مرام دعمش,الزبائن,الميزانية
            1211079-سندس المصري,الزبائن,الميزانية
            121108-سوسن الداوك,الزبائن,الميزانية
            1211080-ازهار السوادي 560,الزبائن,الميزانية
            1211081-مازن معتوق,الزبائن,الميزانية
            1211082-احمد السمنة,الزبائن,الميزانية
            1211083-رغد حافظ,الزبائن,الميزانية
            1211084-عبدالرحمن عرنوس,الزبائن,الميزانية
            1211085-سونا السوادي,الزبائن,الميزانية
            1211086-لين خنيفيس,الزبائن,الميزانية
            1211087-مروة العبوشي,الزبائن,الميزانية
            1211088-رؤى شاهين,الزبائن,الميزانية
            1211089-شهد سليمان,الزبائن,الميزانية
            121109-فراس درويش,الزبائن,الميزانية
            1211090-سدرة جاموس,الزبائن,الميزانية
            1211091-مياس السوادي,الزبائن,الميزانية
            1211092-يمنى خالد,الزبائن,الميزانية
            1211093-بشرى معتوق,الزبائن,الميزانية
            1211094-محمد علي,الزبائن,الميزانية
            1211095-عمار بكري,الزبائن,الميزانية
            1211096-همام الزين,الزبائن,الميزانية
            1211097-مروة الاحمر,الزبائن,الميزانية
            1211098-خالد 240,الزبائن,الميزانية
            1211099-صفوان حموده,الزبائن,الميزانية
            12111-نور حمادة,الزبائن,الميزانية
            121110-دعاء لاذقاني,الزبائن,الميزانية
            1211100-هيا روز,الزبائن,الميزانية
            1211101-امنة هلال,الزبائن,الميزانية
            1211102-سيرين جاموس,الزبائن,الميزانية
            1211103-بدر الاحمر,الزبائن,الميزانية
            1211104-سيرين عزيزة,الزبائن,الميزانية
            1211105-مهندحجازي,الزبائن,الميزانية
            1211106-طارق طالب,الزبائن,الميزانية
            1211107-عبدالرزاق يوسف,الزبائن,الميزانية
            1211108-رزان مهاوش,الزبائن,الميزانية
            1211109-رهف ابو قش,الزبائن,الميزانية
            121111-وعد سليمان,الزبائن,الميزانية
            1211110-نغم ضاهر,الزبائن,الميزانية
            1211111-ماريا عواد,الزبائن,الميزانية
            1211112-اسلام الموهباني,الزبائن,الميزانية
            1211113-فيروز شيحة,الزبائن,الميزانية
            1211114-رؤوم سنجاب,الزبائن,الميزانية
            1211115-يوسف السوادي,الزبائن,الميزانية
            1211116-لين بلش,الزبائن,الميزانية
            1211117-سيدرا مقلد,الزبائن,الميزانية
            1211118-دانا زين,الزبائن,الميزانية
            1211119-عروء,الزبائن,الميزانية
            121112-شام دولار,الزبائن,الميزانية
            1211120-محمد حرب,الزبائن,الميزانية
            1211121-هيا جاموس,الزبائن,الميزانية
            1211122-عماد عزيزة,الزبائن,الميزانية
            1211123-محمد الصلحات,الزبائن,الميزانية
            1211124-لجين الرفاعي,الزبائن,الميزانية
            1211125-رغد الشلبي,الزبائن,الميزانية
            1211126-عدي الشلبي,الزبائن,الميزانية
            1211127-ركان الرفاعي,الزبائن,الميزانية
            1211128-تقى علعل,الزبائن,الميزانية
            1211129-عمر ثامر,الزبائن,الميزانية
            121113-ريم,الزبائن,الميزانية
            1211130-امل البكري,الزبائن,الميزانية
            1211131-فيصل الزلم,الزبائن,الميزانية
            1211132-مجد عبيد,الزبائن,الميزانية
            1211133-حمزة بلش,الزبائن,الميزانية
            1211134-غادة مكي,الزبائن,الميزانية
            1211135-لمى متعب,الزبائن,الميزانية
            1211136-ابتهال السوادي,الزبائن,الميزانية
            1211137-شمس الاحمر 438,الزبائن,الميزانية
            1211138-سلاف سرور,الزبائن,الميزانية
            1211139-احمد ابو عاهد,الزبائن,الميزانية
            121114-سميرة,الزبائن,الميزانية
            1211140-عزيزة حافظ,الزبائن,الميزانية
            1211141-محمود الاغا,الزبائن,الميزانية
            1211142-يوسف خلوف,الزبائن,الميزانية
            1211143-جواد الاحمر,الزبائن,الميزانية
            1211144-عمر الباشا,الزبائن,الميزانية
            1211145-مصعب الحازمي,الزبائن,الميزانية
            1211146-عبد الله لولو,الزبائن,الميزانية
            1211147-ابو فيصل,الزبائن,الميزانية
            1211148-نضال دعمش,الزبائن,الميزانية
            1211149-همام العلي,الزبائن,الميزانية
            121115-عمار الرفاعي,الزبائن,الميزانية
            1211150-رغدة الباشا,الزبائن,الميزانية
            1211151-ام احمد,الزبائن,الميزانية
            1211152-ريتاج الحموي,الزبائن,الميزانية
            1211153-رنيم سويدان,الزبائن,الميزانية
            1211154-مأمون حسن,الزبائن,الميزانية
            1211155-ناهد خليف,الزبائن,الميزانية
            1211156-محمد جمعة,الزبائن,الميزانية
            1211157-روضة الموالدي,الزبائن,الميزانية
            1211158-سيرين ابو قبع,الزبائن,الميزانية
            1211159-عتاب شيخ علي,الزبائن,الميزانية
            121116-لين,الزبائن,الميزانية
            1211160-عبدالمجيد الزعبي,الزبائن,الميزانية
            1211161-عبادة جاموس,الزبائن,الميزانية
            1211162-لين الحبشي,الزبائن,الميزانية
            1211163-رؤى الخطيب,الزبائن,الميزانية
            1211164-عبد اللطيف ميرو,الزبائن,الميزانية
            1211165-بيان عبيد,الزبائن,الميزانية
            1211166-خالد منصور,الزبائن,الميزانية
            1211167-عصام الزلم,الزبائن,الميزانية
            1211168-احمد السوادي 374,الزبائن,الميزانية
            1211169-محي الدين قسيمي,الزبائن,الميزانية
            121117-ليليان,الزبائن,الميزانية
            1211170-محمد ظاهر,الزبائن,الميزانية
            1211171-مصطفى ابراهيم,الزبائن,الميزانية
            1211172-سلمى البج,الزبائن,الميزانية
            1211173-شهد فرج,الزبائن,الميزانية
            1211174-غزل حسين,الزبائن,الميزانية
            1211175-فراس الخطيب,الزبائن,الميزانية
            1211176-سمية زهير,الزبائن,الميزانية
            1211177-محمد نشواتي,الزبائن,الميزانية
            1211178-مجد,الزبائن,الميزانية
            1211179-مرجان عصفور,الزبائن,الميزانية
            121118-حياة,الزبائن,الميزانية
            1211180-عبدالعزيز الاحمد,الزبائن,الميزانية
            1211181-شهرزاد المدني,الزبائن,الميزانية
            1211182-نيفين رجب,الزبائن,الميزانية
            1211183-رغد جيرون,الزبائن,الميزانية
            1211184-محمد سلامة,الزبائن,الميزانية
            1211185-احمد البدوي,الزبائن,الميزانية
            1211186-محمد ابو قش,الزبائن,الميزانية
            1211187-خالد ماحي,الزبائن,الميزانية
            1211188-لبابة احمد,الزبائن,الميزانية
            1211189-الاء يعقوب,الزبائن,الميزانية
            121119-الاء القهوجي,الزبائن,الميزانية
            1211190-رنيم ابو نجم,الزبائن,الميزانية
            1211191-ابو بكر طالب,الزبائن,الميزانية
            1211192-عبدالحكيم كوانيني,الزبائن,الميزانية
            1211193-دالا الصغير,الزبائن,الميزانية
            1211194-مريم البني,الزبائن,الميزانية
            1211195-ايمان الحو,الزبائن,الميزانية
            1211196-عبادة رومية,الزبائن,الميزانية
            1211197-فاطمة لولو,الزبائن,الميزانية
            1211198-مهند شلهوم,الزبائن,الميزانية
            1211199-رغد عودة,الزبائن,الميزانية
            12112-عادل السوادي,الزبائن,الميزانية
            121120-الاء قصيمي,الزبائن,الميزانية
            1211200-ياسر مأمون,الزبائن,الميزانية
            1211201-روان الحراكي,الزبائن,الميزانية
            1211202-لجين عجور,الزبائن,الميزانية
            1211203-عماد جاموس,الزبائن,الميزانية
            1211204-ياسر المغربي,الزبائن,الميزانية
            1211205-دلع قداح,الزبائن,الميزانية
            1211206-محمد الطحان,الزبائن,الميزانية
            1211207-فواز مارديني,الزبائن,الميزانية
            1211208-ملهم المصطفى,الزبائن,الميزانية
            1211209-ام خليل,الزبائن,الميزانية
            121121-راما تقلس,الزبائن,الميزانية
            1211210-ريم موسى,الزبائن,الميزانية
            1211211-عمر السوادي,الزبائن,الميزانية
            1211212-عائشة البطحيش,الزبائن,الميزانية
            1211213-شروق قريش,الزبائن,الميزانية
            1211214-نورالدين المولى,الزبائن,الميزانية
            1211215-بسام عبدالوهاب,الزبائن,الميزانية
            1211216-عمر حسن,الزبائن,الميزانية
            1211217-احمد حزرون,الزبائن,الميزانية
            1211218-علا زكرور,الزبائن,الميزانية
            1211219-اية الشلبي,الزبائن,الميزانية
            121122-عبير,الزبائن,الميزانية
            1211220-رغد الهندي,الزبائن,الميزانية
            1211221-سندس الحاج احمد,الزبائن,الميزانية
            1211222-خديجة زكار,الزبائن,الميزانية
            1211223-نايف بلبل,الزبائن,الميزانية
            1211224-عبير سليمان,الزبائن,الميزانية
            1211225-انس محيسن 220 دكتور,الزبائن,الميزانية
            1211226-اليسار السحلي,الزبائن,الميزانية
            1211227-ربيع الشعار,الزبائن,الميزانية
            1211228-مؤمنة صالح,الزبائن,الميزانية
            1211229-اية شلهوب,الزبائن,الميزانية
            121123-احمد ابو قش,الزبائن,الميزانية
            1211230-شام عرنوس 625,الزبائن,الميزانية
            1211231-رؤى حوراني,الزبائن,الميزانية
            1211232-ابو فهد قرقور,الزبائن,الميزانية
            1211233-نغم الطويل,الزبائن,الميزانية
            1211234-محمد ساطيلا,الزبائن,الميزانية
            1211235-لمى ابو حسن,الزبائن,الميزانية
            1211236-لجين الهندي,الزبائن,الميزانية
            1211237-وليد بطحيش,الزبائن,الميزانية
            1211238-لانا قرقور,الزبائن,الميزانية
            1211239-عامر العوض,الزبائن,الميزانية
            121124-عبد العزيز قداح,الزبائن,الميزانية
            1211240-عبد الاله العرنوس,الزبائن,الميزانية
            1211241-لؤي مظلوم,الزبائن,الميزانية
            1211242-عبدالله الشلبي 49,الزبائن,الميزانية
            1211243-محمد الخطيب,الزبائن,الميزانية
            1211244-عبدالعزيز عثمان,الزبائن,الميزانية
            1211245-ثريا الفرج,الزبائن,الميزانية
            1211246-اية النقيب,الزبائن,الميزانية
            1211247-رهف برمو,الزبائن,الميزانية
            1211248-طارق العقيل,الزبائن,الميزانية
            1211249-نورة,الزبائن,الميزانية
            121125-غيث مستر بيتزا,الزبائن,الميزانية
            1211250-محمد الشلبي,الزبائن,الميزانية
            1211251-لؤي المظلوم,الزبائن,الميزانية
            1211252-حاتم السوادي,الزبائن,الميزانية
            1211253-منى عزيزة,الزبائن,الميزانية
            1211254-لورنس عدلا,الزبائن,الميزانية
            1211255-وائل عليوي,الزبائن,الميزانية
            1211256-جنان الاحمر,الزبائن,الميزانية
            1211257-عبد الوهاب صيادي,الزبائن,الميزانية
            1211258-ضياء جاموس,الزبائن,الميزانية
            1211259-مصطفى عثمان,الزبائن,الميزانية
            121126-حكمت الاحمر,الزبائن,الميزانية
            1211260-دانا علي,الزبائن,الميزانية
            1211261-يزن المظلوم,الزبائن,الميزانية
            1211262-جمال دنان,الزبائن,الميزانية
            1211263-دانية صوفان,الزبائن,الميزانية
            1211264-هشام السوادي,الزبائن,الميزانية
            1211265-لينا لادقاني,الزبائن,الميزانية
            1211266-يعرب المسلط,الزبائن,الميزانية
            1211267-عمر جاموس,الزبائن,الميزانية
            1211268-محمد عبيد,الزبائن,الميزانية
            1211269-غدير خالد جاموس,الزبائن,الميزانية
            121127-شهد (**),الزبائن,الميزانية
            1211270-مصعب جديد,الزبائن,الميزانية
            1211271-فرقان العباس,الزبائن,الميزانية
            1211272-عفراء عرنوس,الزبائن,الميزانية
            1211273-سدرة عرنوس,الزبائن,الميزانية
            1211274-سارة زلمة,الزبائن,الميزانية
            1211275-همام صالح,الزبائن,الميزانية
            1211276-رضى الشعار,الزبائن,الميزانية
            1211277-عبير صالح,الزبائن,الميزانية
            1211278-سلمى الرفاعي,الزبائن,الميزانية
            1211279-الاء الشلبي,الزبائن,الميزانية
            121128-عمر الاحمر,الزبائن,الميزانية
            1211280-حسام الخلف,الزبائن,الميزانية
            1211281-حمزة خرسة,الزبائن,الميزانية
            1211282-باسم الحمصي,الزبائن,الميزانية
            1211283-عبدالقادر عرواني,الزبائن,الميزانية
            1211284-نورا سليم,الزبائن,الميزانية
            1211285-عبد الله محمد,الزبائن,الميزانية
            1211286-رهف صلاح,الزبائن,الميزانية
            1211287-لمى المحمد,الزبائن,الميزانية
            1211288-اوبي العبد,الزبائن,الميزانية
            1211289-رحمة الحوراني,الزبائن,الميزانية
            121129-عمر,الزبائن,الميزانية
            1211290-احمد عماد,الزبائن,الميزانية
            1211291-معتصم نبيلي,الزبائن,الميزانية
            1211292-سالم غويش,الزبائن,الميزانية
            1211293-منذر الداغر,الزبائن,الميزانية
            1211294-احمد محيسن,الزبائن,الميزانية
            1211295-زاهر الرفاعي,الزبائن,الميزانية
            1211296-بيسان الباشا,الزبائن,الميزانية
            1211297-مبارك صالح,الزبائن,الميزانية
            1211298-ايهم مجلي,الزبائن,الميزانية
            1211299-بو فارس 20,الزبائن,الميزانية
            12113-علي السوادي,الزبائن,الميزانية
            121130-عبد الملك اا,الزبائن,الميزانية
            1211300-زينب الشلبي,الزبائن,الميزانية
            1211301-نور الدين برمو,الزبائن,الميزانية
            1211302-ماريا الرفاعي,الزبائن,الميزانية
            1211303-مهند الاغبر,الزبائن,الميزانية
            1211304-ميران علي,الزبائن,الميزانية
            1211305-هديل منصور,الزبائن,الميزانية
            1211306-ميساء عبدالرحيم,الزبائن,الميزانية
            1211307-ريناد ابو ظاهر,الزبائن,الميزانية
            1211308-شهد سنجاب,الزبائن,الميزانية
            1211309-رشا عصفور,الزبائن,الميزانية
            121131-معاد,الزبائن,الميزانية
            1211310-روان عجول,الزبائن,الميزانية
            1211311-سيدرا سعدية,الزبائن,الميزانية
            1211312-شام بلش,الزبائن,الميزانية
            1211313-طارق الاحمر,الزبائن,الميزانية
            1211314-سعيد عبد الهادي,الزبائن,الميزانية
            1211316-منى شرف,الزبائن,الميزانية
            1211317-فريال الخطاب,الزبائن,الميزانية
            1211318-يمان غويش,الزبائن,الميزانية
            1211319-عبد الله القاضي,الزبائن,الميزانية
            121132-حنين برغلة,الزبائن,الميزانية
            1211320-ابو احمد,الزبائن,الميزانية
            1211321-لين الرفاعي 333,الزبائن,الميزانية
            1211322-فرا س المظلوم,الزبائن,الميزانية
            1211323-علي هزيمة,الزبائن,الميزانية
            1211324-الاء القندح,الزبائن,الميزانية
            1211325-روان البج,الزبائن,الميزانية
            1211326-احمد الكردي,الزبائن,الميزانية
            1211327-ابو حذيفة الديري,الزبائن,الميزانية
            1211329-خير الدين شانغول,الزبائن,الميزانية
            121133-غيداء جاموس,الزبائن,الميزانية
            1211330-نسرين السكري,الزبائن,الميزانية
            1211331-امنة الطحان,الزبائن,الميزانية
            1211332-مريم محمد,الزبائن,الميزانية
            1211333-تقى شاهين,الزبائن,الميزانية
            1211334-سمر عنبرة,الزبائن,الميزانية
            1211335-ريم اسعد,الزبائن,الميزانية
            1211336-تسنيم حسام,الزبائن,الميزانية
            1211337-ايهم الاحمر,الزبائن,الميزانية
            1211338-منار معتوق,الزبائن,الميزانية
            1211339-اسامة يكري,الزبائن,الميزانية
            121134-نور دروش,الزبائن,الميزانية
            1211340-هيا جاسم,الزبائن,الميزانية
            1211341-فاطمة المغربي,الزبائن,الميزانية
            1211342-يوسف خليفة,الزبائن,الميزانية
            1211343-عطاء خنجر,الزبائن,الميزانية
            1211344-ابو عطا,الزبائن,الميزانية
            1211345-التركي,الزبائن,الميزانية
            1211346-عمار ياسر,الزبائن,الميزانية
            1211347-سيدرا حسن,الزبائن,الميزانية
            1211348-ايلاف الكيلاني,الزبائن,الميزانية
            1211349-هديل قاسم,الزبائن,الميزانية
            121135-رامي عثمان,الزبائن,الميزانية
            1211350-بوعلي الجوجو,الزبائن,الميزانية
            1211351-لبنى الرفاعي,الزبائن,الميزانية
            1211352-شهد خلوف,الزبائن,الميزانية
            1211353-لين البج,الزبائن,الميزانية
            1211354-ايهم عابدة,الزبائن,الميزانية
            1211355-مهندخلوف,الزبائن,الميزانية
            1211356-طارق قشوم,الزبائن,الميزانية
            1211357-هديل الاحمر,الزبائن,الميزانية
            1211358-روان رضوان,الزبائن,الميزانية
            1211359-سراء يريغش,الزبائن,الميزانية
            121136-ابرار الاحمر,الزبائن,الميزانية
            1211360-الما غنام,الزبائن,الميزانية
            1211361-دانة السوادي,الزبائن,الميزانية
            1211362-يمنى الباشا,الزبائن,الميزانية
            1211363-ابرار عبدالعال,الزبائن,الميزانية
            1211364-مرام السوادي,الزبائن,الميزانية
            1211365-نور دبى,الزبائن,الميزانية
            1211366-عبدالهادي ميرو,الزبائن,الميزانية
            1211367-احمد عثمان,الزبائن,الميزانية
            1211368-احمد زياز,الزبائن,الميزانية
            1211369-سارة محيسن,الزبائن,الميزانية
            121137-الاء الرفاعي,الزبائن,الميزانية
            1211370-بتول شموط,الزبائن,الميزانية
            1211371-سوزان الباشا,الزبائن,الميزانية
            1211372-صباح طعمة,الزبائن,الميزانية
            1211373-علياء الرفاعي,الزبائن,الميزانية
            1211374-تسنيم البني,الزبائن,الميزانية
            1211375-الاء عبدربه,الزبائن,الميزانية
            1211376-بلال زعتر,الزبائن,الميزانية
            1211377-ابي كوكش,الزبائن,الميزانية
            1211378-رغد محفوض,الزبائن,الميزانية
            1211379-ابرار سنجاب,الزبائن,الميزانية
            121138-يارا سوسق,الزبائن,الميزانية
            1211380-ايثار مصطفى,الزبائن,الميزانية
            1211381-يمنى البني,الزبائن,الميزانية
            1211382-نور العقاد,الزبائن,الميزانية
            1211383-عبدالله عفا,الزبائن,الميزانية
            1211384-طاهر عفا الرفاعي,الزبائن,الميزانية
            1211385-فؤاد اسماعيل,الزبائن,الميزانية
            1211386-ايهم بدوي,الزبائن,الميزانية
            1211387-احمد الاحمر,الزبائن,الميزانية
            1211388-هدى خلوف,الزبائن,الميزانية
            1211389-مياس الجواد,الزبائن,الميزانية
            121139-رفاه الاحمر,الزبائن,الميزانية
            1211390-سوار,الزبائن,الميزانية
            1211391-عمر حمزة,الزبائن,الميزانية
            1211392-غزل عرب,الزبائن,الميزانية
            1211393-انوار خليل,الزبائن,الميزانية
            1211394-عبد الرحمن حلوي,الزبائن,الميزانية
            1211395-فؤاد عبد الجليل,الزبائن,الميزانية
            1211396-اريام الحميد,الزبائن,الميزانية
            1211397-باسم الخطيب,الزبائن,الميزانية
            1211398-ميريام الاسعد,الزبائن,الميزانية
            1211399-عبدالخالق حجازي,الزبائن,الميزانية
            12114-سندس السوادي,الزبائن,الميزانية
            121140-ريان عثمان,الزبائن,الميزانية
            1211400-قطر الندى,الزبائن,الميزانية
            1211401-سلاف سلام,الزبائن,الميزانية
            1211402-سما قرقور,الزبائن,الميزانية
            1211403-ملاك حسين,الزبائن,الميزانية
            1211404-ايه العبيد,الزبائن,الميزانية
            1211405-جودي طارق,الزبائن,الميزانية
            1211406-العنود قاسم,الزبائن,الميزانية
            1211407-ربى الاحمر,الزبائن,الميزانية
            1211408-ليان البصلة,الزبائن,الميزانية
            1211409-يوسف العصفور,الزبائن,الميزانية
            121141-رغد برغلة,الزبائن,الميزانية
            1211410-سلطان الشعار,الزبائن,الميزانية
            1211411-هديل صالح,الزبائن,الميزانية
            1211412-حياة عبد ربه,الزبائن,الميزانية
            1211413-احمد حميدي,الزبائن,الميزانية
            1211414-كندا علي,الزبائن,الميزانية
            1211415-كندة السوادي,الزبائن,الميزانية
            1211416-عبدالمهيمن قرقور,الزبائن,الميزانية
            1211417-مؤيد خالد,الزبائن,الميزانية
            1211418-مصطفى غويش,الزبائن,الميزانية
            1211419-كرام المظلوم,الزبائن,الميزانية
            121142-هبة المزروع,الزبائن,الميزانية
            1211420-غنوة سبسوب,الزبائن,الميزانية
            1211421-رسل خليل,الزبائن,الميزانية
            1211422-شام الاحمر,الزبائن,الميزانية
            1211423-ميسم عليان,الزبائن,الميزانية
            1211424-سيدرا و العنود,الزبائن,الميزانية
            1211425-وليد عابدة,الزبائن,الميزانية
            1211426-رند شمس الدين,الزبائن,الميزانية
            1211427-عبداللطيف القاضي,الزبائن,الميزانية
            1211428-علي منير الشلبي,الزبائن,الميزانية
            1211429-مامون جاموس,الزبائن,الميزانية
            121143-انسام,الزبائن,الميزانية
            1211430-نور ادلبي,الزبائن,الميزانية
            1211431-احمد رهين,الزبائن,الميزانية
            1211432-ربيع القبع,الزبائن,الميزانية
            1211433-علي العلي,الزبائن,الميزانية
            1211434-غيث سنجاب,الزبائن,الميزانية
            1211435-ميادة سلعس,الزبائن,الميزانية
            1211436-طارق الفروان,الزبائن,الميزانية
            1211437-رحمة اسماعيل,الزبائن,الميزانية
            1211438-شركة سلطانية للسياحة,الزبائن,الميزانية
            1211439-براءة ريحاوي,الزبائن,الميزانية
            121144-فاتن,الزبائن,الميزانية
            1211440-عقبة الكيلاني,الزبائن,الميزانية
            1211441-فايز القدرو,الزبائن,الميزانية
            1211442-صفية معنية,الزبائن,الميزانية
            1211443-عبد الرحمن عبيد,الزبائن,الميزانية
            1211444-غالية النابلسي,الزبائن,الميزانية
            1211445-رغد عرابي,الزبائن,الميزانية
            1211446-عبد الرحمن السوادي,الزبائن,الميزانية
            1211447-عماد عبد الملك,الزبائن,الميزانية
            1211448-فاطمة سلعس,الزبائن,الميزانية
            1211449-مضاء قرقور,الزبائن,الميزانية
            121145-رضا الشعار,الزبائن,الميزانية
            1211450-عبد العزيز المؤذن,الزبائن,الميزانية
            1211451-راما حافظ,الزبائن,الميزانية
            1211452-ابراهيم خليل,الزبائن,الميزانية
            1211453-رؤى خرسة,الزبائن,الميزانية
            1211454-مهند بعيون,الزبائن,الميزانية
            1211455-منى خمران,الزبائن,الميزانية
            1211456-حنين عفوف,الزبائن,الميزانية
            1211457-راكان الرفاعي,الزبائن,الميزانية
            1211458-عبد اللطيف ماهر,الزبائن,الميزانية
            1211459-هدى الخطيب,الزبائن,الميزانية
            121146-نداء الرفاعي,الزبائن,الميزانية
            1211460-احمد نمر,الزبائن,الميزانية
            1211461-ابراهيم المظلوم,الزبائن,الميزانية
            1211462-مايا الترك,الزبائن,الميزانية
            1211463-سارة بريغش,الزبائن,الميزانية
            1211464-محمد الصافي,الزبائن,الميزانية
            1211465-اية علعل,الزبائن,الميزانية
            1211466-مروه الساعور,الزبائن,الميزانية
            1211467-ليان يونس,الزبائن,الميزانية
            1211468-سيدرا البني,الزبائن,الميزانية
            1211469-لطيفة الاحمر,الزبائن,الميزانية
            121147-حلا الشعار,الزبائن,الميزانية
            1211470-تسنيم اللحام,الزبائن,الميزانية
            1211471-زينة الكيال,الزبائن,الميزانية
            1211472-وجدان حجازي,الزبائن,الميزانية
            1211473-اسماء يعقوب,الزبائن,الميزانية
            1211474-عبد المرعي,الزبائن,الميزانية
            1211475-محمد طلال الاحمد,الزبائن,الميزانية
            1211476-عمر الموق,الزبائن,الميزانية
            1211477-علي عاشور,الزبائن,الميزانية
            1211478-محمد غويش,الزبائن,الميزانية
            1211479-خلدون عاشور,الزبائن,الميزانية
            121148-براءة مظفر,الزبائن,الميزانية
            1211480-جواد قناعة,الزبائن,الميزانية
            1211481-سعود الخطيب,الزبائن,الميزانية
            1211482-اسماء عويد,الزبائن,الميزانية
            1211483-نور بلبل,الزبائن,الميزانية
            1211484-عبدالعزيز السوادي,الزبائن,الميزانية
            1211485-هيفاء برغلة,الزبائن,الميزانية
            1211487-لين الحلبي,الزبائن,الميزانية
            1211488-ياسر مأمون,الزبائن,الميزانية
            1211489-راما حجازي,الزبائن,الميزانية
            121149-سعيد السكري,الزبائن,الميزانية
            1211490-نور المغربي,الزبائن,الميزانية
            1211491-منى السحلي,الزبائن,الميزانية
            1211492-محمد الميداني,الزبائن,الميزانية
            1211493-سارة حجار,الزبائن,الميزانية
            1211494-ايهاب جمعة,الزبائن,الميزانية
            1211495-يامن الاحمر,الزبائن,الميزانية
            1211496-ليلاس المغربي,الزبائن,الميزانية
            1211497-عبد الرحمن طالب,الزبائن,الميزانية
            1211498-عمار 22,الزبائن,الميزانية
            1211499-مرام الهندي,الزبائن,الميزانية
            12115-احمد السوادي,الزبائن,الميزانية
            121150-احمد الشلبي,الزبائن,الميزانية
            1211500-نور حنيفة,الزبائن,الميزانية
            1211501-احمد الرفاعي,الزبائن,الميزانية
            1211502-محمود عرطوزة,الزبائن,الميزانية
            1211503-مرام هدهد,الزبائن,الميزانية
            1211504-ايمن زينية,الزبائن,الميزانية
            1211505-تقى خليل,الزبائن,الميزانية
            1211506-عبدالرحمن الكيلاني,الزبائن,الميزانية
            1211507-ابو غياث الرفاعي,الزبائن,الميزانية
            1211508-يزن رمضان,الزبائن,الميزانية
            1211509-وليد عفا,الزبائن,الميزانية
            121151-اسامة الاحمر,الزبائن,الميزانية
            1211510-لين الخطيب,الزبائن,الميزانية
            1211511-سيبين ابو قبع,الزبائن,الميزانية
            1211512-ملاك الخطيب,الزبائن,الميزانية
            1211513-عماد علي,الزبائن,الميزانية
            1211514-يارا كيلاني,الزبائن,الميزانية
            1211515-نغم محمد,الزبائن,الميزانية
            1211516-ابو الخير,الزبائن,الميزانية
            1211517-ثراء,الزبائن,الميزانية
            1211518-محمد سميطا,الزبائن,الميزانية
            1211519-انس البدوي,الزبائن,الميزانية
            121152-فاطمة المهنا,الزبائن,الميزانية
            1211520-محمود شاهين,الزبائن,الميزانية
            1211521-رغد المؤذن,الزبائن,الميزانية
            1211522-عاصم,الزبائن,الميزانية
            1211523-فارس عمران السوادي,الزبائن,الميزانية
            1211524-يمان الديب,الزبائن,الميزانية
            1211525-عبد الرحمن الغضبان,الزبائن,الميزانية
            1211526-صالح يونس,الزبائن,الميزانية
            1211527-اسيل السوادي,الزبائن,الميزانية
            1211528-نورا عرنوس,الزبائن,الميزانية
            1211529-بيان فهد,الزبائن,الميزانية
            121153-بلقيس عرنوس,الزبائن,الميزانية
            1211530-ليان عاشور,الزبائن,الميزانية
            1211531-راما الخطيب350,الزبائن,الميزانية
            1211532-وصال عرفة,الزبائن,الميزانية
            1211533-امان السعدي,الزبائن,الميزانية
            1211534-اماني السعدي,الزبائن,الميزانية
            1211535-لين ابو شاهين,الزبائن,الميزانية
            1211536-يوسف الغبرة,الزبائن,الميزانية
            1211537-بيان الغضبان,الزبائن,الميزانية
            1211538-فاتن حبش,الزبائن,الميزانية
            1211539-عبدالله عثمان,الزبائن,الميزانية
            121154-اماني,الزبائن,الميزانية
            1211540-صالح البني,الزبائن,الميزانية
            1211541-سارة محمد,الزبائن,الميزانية
            1211542-ياسر سلعس,الزبائن,الميزانية
            1211543-علي محيسن,الزبائن,الميزانية
            1211544-ايات الحسن,الزبائن,الميزانية
            1211545-شيماء قاسم,الزبائن,الميزانية
            1211546-امنة حسون,الزبائن,الميزانية
            1211547-حنين سميطة,الزبائن,الميزانية
            1211548-شيماء برغلة,الزبائن,الميزانية
            1211549-عبد الهادي خنجر,الزبائن,الميزانية
            121155-براء الرفاعي,الزبائن,الميزانية
            1211550-خيرالله,الزبائن,الميزانية
            1211551-همام البطح,الزبائن,الميزانية
            1211552-قمر ممدوح,الزبائن,الميزانية
            1211553-رضا حجازي,الزبائن,الميزانية
            1211554-اسامة خراطة,الزبائن,الميزانية
            1211555-عمر الطحان,الزبائن,الميزانية
            1211556-اوس مريم,الزبائن,الميزانية
            1211557-ايهم خروس,الزبائن,الميزانية
            1211558-فاطمة الغالي,الزبائن,الميزانية
            1211559-تركي خليفة,الزبائن,الميزانية
            121156-داليا الغضبان,الزبائن,الميزانية
            1211560-مروان الصمل,الزبائن,الميزانية
            1211561-سلمان الشلبي,الزبائن,الميزانية
            1211562-مرام,الزبائن,الميزانية
            1211563-روند شلبي,الزبائن,الميزانية
            1211564-يامن الصافي,الزبائن,الميزانية
            1211565-مصعب شديد,الزبائن,الميزانية
            1211566-مريم السحلي,الزبائن,الميزانية
            1211567-امجد زرقا,الزبائن,الميزانية
            1211568-رغدة زعتر,الزبائن,الميزانية
            1211569-احمد عنوس,الزبائن,الميزانية
            121157-علاء معنية,الزبائن,الميزانية
            1211570-احلام الموسى,الزبائن,الميزانية
            1211571-بيلسان الدباس,الزبائن,الميزانية
            1211572-منى العوام,الزبائن,الميزانية
            1211573-سارة شهاب,الزبائن,الميزانية
            1211574-قتيبة الكيلاني,الزبائن,الميزانية
            1211575-راشد العطى,الزبائن,الميزانية
            1211576-حبيبة,الزبائن,الميزانية
            1211577-مهند محيسن,الزبائن,الميزانية
            1211578-مريم البني849,الزبائن,الميزانية
            1211579-شاكر السوادي,الزبائن,الميزانية
            121158-حبيب ابو قبع,الزبائن,الميزانية
            1211580-اسماء البج,الزبائن,الميزانية
            1211581-رند الاحمر,الزبائن,الميزانية
            1211582-بتول الرانس,الزبائن,الميزانية
            1211583-محمد الدنان,الزبائن,الميزانية
            1211584-ابو يزن دردر,الزبائن,الميزانية
            1211585-اسامة محمد,الزبائن,الميزانية
            1211586-ماهر الخطيب,الزبائن,الميزانية
            1211587-مرام عبدالله,الزبائن,الميزانية
            1211588-وسيم عابدة,الزبائن,الميزانية
            1211589-هلا الاحمر,الزبائن,الميزانية
            121159-عبد الحي,الزبائن,الميزانية
            1211590-تقى البدوي,الزبائن,الميزانية
            1211591-هناء معتوق,الزبائن,الميزانية
            1211592-سارة شحادة,الزبائن,الميزانية
            1211593-احمد زريق,الزبائن,الميزانية
            1211594-غزل ايوب,الزبائن,الميزانية
            1211595-محمد السوادي,الزبائن,الميزانية
            1211596-جودي السوادي,الزبائن,الميزانية
            1211597-بشرى العويد,الزبائن,الميزانية
            1211598-ام عدنان,الزبائن,الميزانية
            1211599-محمد صالح,الزبائن,الميزانية
            12116-مجد بلبل,الزبائن,الميزانية
            121160-نور الاحمر,الزبائن,الميزانية
            1211600-سامر طاهر,الزبائن,الميزانية
            1211601-ابراهيم الحلو,الزبائن,الميزانية
            1211602-غيث ابو محمد,الزبائن,الميزانية
            1211603-ريم حلوف,الزبائن,الميزانية
            1211604-عبد الشمري,الزبائن,الميزانية
            1211605-ابو كاظم,الزبائن,الميزانية
            1211606-ابو هاشم السونا,الزبائن,الميزانية
            1211607-عبدالرحمن ساطيلا,الزبائن,الميزانية
            1211608-فاطمة جندل,الزبائن,الميزانية
            1211609-عبداللطيف حجازي,الزبائن,الميزانية
            121161-كوثر عصفور,الزبائن,الميزانية
            1211610-فراس الدالي,الزبائن,الميزانية
            1211611-محمد شهدة,الزبائن,الميزانية
            1211612-فريد الزلم,الزبائن,الميزانية
            1211613-مؤيد,الزبائن,الميزانية
            1211614-باسل قطشة,الزبائن,الميزانية
            1211615-امنة زين الدين,الزبائن,الميزانية
            1211616-اسماعيل الحسن,الزبائن,الميزانية
            1211617-محمد شمو,الزبائن,الميزانية
            1211618-ابو رشيد الحبشي,الزبائن,الميزانية
            1211619-ام هاني,الزبائن,الميزانية
            121162-صفا العرنوس,الزبائن,الميزانية
            1211620-شهد كيلاني,الزبائن,الميزانية
            1211621-عبد الله اليوسف,الزبائن,الميزانية
            1211622-الياس,الزبائن,الميزانية
            1211623-اية حمود,الزبائن,الميزانية
            1211625-نور الخالدي,الزبائن,الميزانية
            1211626-ايه ملا حسين,الزبائن,الميزانية
            1211627-سارة الزلم,الزبائن,الميزانية
            1211628-ضياء كلثم,الزبائن,الميزانية
            1211629-رؤى قويدر,الزبائن,الميزانية
            121163-زاهد مشعل,الزبائن,الميزانية
            1211630-سهام مطهر,الزبائن,الميزانية
            1211631-نور زيدان,الزبائن,الميزانية
            1211632-فرح الجاموس,الزبائن,الميزانية
            1211633-اسامة المظلوم,الزبائن,الميزانية
            1211634-لمى حسين,الزبائن,الميزانية
            1211635-ماجدة الطحان,الزبائن,الميزانية
            1211636-لمار قوجة,الزبائن,الميزانية
            1211637-ابو عمار,الزبائن,الميزانية
            1211638-رنيم عربي,الزبائن,الميزانية
            1211639-سدرة ابو قبع,الزبائن,الميزانية
            121164-عبدالملك الخطيب,الزبائن,الميزانية
            1211640-مؤمنة الرفاعي,الزبائن,الميزانية
            1211641-يارا مجيدل,الزبائن,الميزانية
            1211642-ابو منذر جاموس,الزبائن,الميزانية
            1211643-عبدالله حجازي,الزبائن,الميزانية
            1211644-مصطفى الطحان,الزبائن,الميزانية
            1211645-حسناء خطاب,الزبائن,الميزانية
            1211646-فاطمة المظلوم,الزبائن,الميزانية
            1211647-نور جديوي,الزبائن,الميزانية
            1211648-راما معلولي,الزبائن,الميزانية
            1211649-امير بكاري,الزبائن,الميزانية
            121165-محمد خير صالح,الزبائن,الميزانية
            1211650-احمد الحميدي,الزبائن,الميزانية
            1211651-عبادة كابورة,الزبائن,الميزانية
            1211652-رضوان جواد,الزبائن,الميزانية
            1211653-عدي الجوجو,الزبائن,الميزانية
            1211654-جلال يحيى,الزبائن,الميزانية
            1211655-بدور الاحمد,الزبائن,الميزانية
            1211656-عمر ناصر,الزبائن,الميزانية
            1211657-اياس فرج,الزبائن,الميزانية
            1211658-براء دخان,الزبائن,الميزانية
            1211659-مجد مصطفى,الزبائن,الميزانية
            121166-تسنيم نعبو ش,الزبائن,الميزانية
            1211660-حذيفة السحلي,الزبائن,الميزانية
            1211661-كريم الغبرة,الزبائن,الميزانية
            1211662-حنان بريغش,الزبائن,الميزانية
            1211663-سعاد بريغش,الزبائن,الميزانية
            1211664-رؤى زينية,الزبائن,الميزانية
            1211665-تمارا الخطيب,الزبائن,الميزانية
            1211666-قمر قويدر,الزبائن,الميزانية
            1211667-علا صباح,الزبائن,الميزانية
            1211668-محمد تتان,الزبائن,الميزانية
            1211669-احمد علعل,الزبائن,الميزانية
            121167-حلا الجبه جي,الزبائن,الميزانية
            1211670-ابو عبدو 027,الزبائن,الميزانية
            1211671-هبة الحموي,الزبائن,الميزانية
            1211672-سارة محيسن 342,الزبائن,الميزانية
            1211673-فاتن عرنوس,الزبائن,الميزانية
            1211674-رقية السوادي,الزبائن,الميزانية
            1211675-محمود الاطرش,الزبائن,الميزانية
            1211676-اسامة الرانس,الزبائن,الميزانية
            1211677-محمد مقسوم,الزبائن,الميزانية
            1211678-محمد هدهد,الزبائن,الميزانية
            1211679-دورا قسيس,الزبائن,الميزانية
            121168-عبد الرحمن حجازي,الزبائن,الميزانية
            1211680-محمد باسل,الزبائن,الميزانية
            1211681-فاطمة شاهين,الزبائن,الميزانية
            1211682-عبدالملك الخطيب 746,الزبائن,الميزانية
            1211683-روان مطر,الزبائن,الميزانية
            1211684-ايهاب عابدة,الزبائن,الميزانية
            1211685-زياد الطحان,الزبائن,الميزانية
            1211686-علي عواد,الزبائن,الميزانية
            1211687-تالا فياض,الزبائن,الميزانية
            1211688-تسنيم يوسف,الزبائن,الميزانية
            1211689-فادي حسن,الزبائن,الميزانية
            121169-M.J,الزبائن,الميزانية
            1211690-اسلام الزرع,الزبائن,الميزانية
            1211691-سامر ابو سيف,الزبائن,الميزانية
            1211692-ليان حجازي,الزبائن,الميزانية
            1211693-جواهر الحبش,الزبائن,الميزانية
            1211694-قيس البدوي,الزبائن,الميزانية
            1211695-خليل كلش,الزبائن,الميزانية
            1211696-علا الرفاعي,الزبائن,الميزانية
            1211697-شاهين نهاد,الزبائن,الميزانية
            1211698-ابو عكرمة,الزبائن,الميزانية
            1211699-اسماء شاكر,الزبائن,الميزانية
            12117-عبدالعزيز الرفاعي 888,الزبائن,الميزانية
            121170-شمس الاحمر,الزبائن,الميزانية
            1211700-بيسان زيدان,الزبائن,الميزانية
            1211701-رحاب صالح,الزبائن,الميزانية
            1211702-مؤمنة عبيد,الزبائن,الميزانية
            1211703-سلوى ابو سرية,الزبائن,الميزانية
            1211704-لونا عواطة,الزبائن,الميزانية
            1211706-تيماء برغلة,الزبائن,الميزانية
            1211707-هدى محيسن,الزبائن,الميزانية
            1211708-شام هلال,الزبائن,الميزانية
            1211709-براءة دلة,الزبائن,الميزانية
            121171-رنيم اغواني,الزبائن,الميزانية
            1211710-ماريا السعدي,الزبائن,الميزانية
            1211711-سلام ميرو,الزبائن,الميزانية
            1211712-ربى ابو قش,الزبائن,الميزانية
            1211713-جوليا خلوف,الزبائن,الميزانية
            1211714-نادية الرفاعي,الزبائن,الميزانية
            1211715-بدور الاحمر,الزبائن,الميزانية
            1211716-ابو زيد سلامة,الزبائن,الميزانية
            1211717-يارا,الزبائن,الميزانية
            1211718-حنين الزهراني,الزبائن,الميزانية
            1211719-فاروق عياد,الزبائن,الميزانية
            121172-غيث الحطيب,الزبائن,الميزانية
            1211720-براءة برغلة,الزبائن,الميزانية
            1211721-فاطمة الحليبي,الزبائن,الميزانية
            1211722-مريم ملي,الزبائن,الميزانية
            1211723-وائل مرزا,الزبائن,الميزانية
            1211724-ام عدي,الزبائن,الميزانية
            1211725-غصون طلب,الزبائن,الميزانية
            1211726-محمد سليمان,الزبائن,الميزانية
            1211727-لجين شيحة,الزبائن,الميزانية
            1211728-حسن بريغش,الزبائن,الميزانية
            1211729-امين ممدوح,الزبائن,الميزانية
            121173-روان بريغش,الزبائن,الميزانية
            1211730-محمد طارق,الزبائن,الميزانية
            1211731-شهد البني,الزبائن,الميزانية
            1211732-نورا الحمد,الزبائن,الميزانية
            1211733-رزان الخرج,الزبائن,الميزانية
            1211734-تيم السحلي,الزبائن,الميزانية
            1211735-راما عثمان,الزبائن,الميزانية
            1211736-عبدالسمان,الزبائن,الميزانية
            1211737-عبد الله الاحمر,الزبائن,الميزانية
            1211738-اكرم ابو قبع,الزبائن,الميزانية
            1211739-عبدالمالك صالح,الزبائن,الميزانية
            121174-خلود صالح,الزبائن,الميزانية
            1211740-خالد جميلة,الزبائن,الميزانية
            1211741-سمر samar,الزبائن,الميزانية
            1211742-غيث السوادي,الزبائن,الميزانية
            1211743-رزان الطحان,الزبائن,الميزانية
            1211744-ملاك عبدربو,الزبائن,الميزانية
            1211745-جنان عزيزة,الزبائن,الميزانية
            1211746-جودي عبدالله,الزبائن,الميزانية
            1211747-دانية ابو سرية,الزبائن,الميزانية
            1211748-نور السوادي,الزبائن,الميزانية
            1211749-حلا محمد,الزبائن,الميزانية
            121175-لمار,الزبائن,الميزانية
            1211750-سدرة خليل,الزبائن,الميزانية
            1211751-ابو يوسف البج,الزبائن,الميزانية
            1211752-زياد ناجي,الزبائن,الميزانية
            1211753-ماهر السوادي,الزبائن,الميزانية
            1211754-اسيد فرج,الزبائن,الميزانية
            1211755-سدرة الشاويش,الزبائن,الميزانية
            1211756-بشرى عبدالعال,الزبائن,الميزانية
            1211757-وئام الاحمر,الزبائن,الميزانية
            1211758-رغد حجازي,الزبائن,الميزانية
            1211759-لجين عثمان,الزبائن,الميزانية
            121176-رامي الشلبي,الزبائن,الميزانية
            1211760-هديل كريز,الزبائن,الميزانية
            1211761-ام احمد محمد,الزبائن,الميزانية
            1211762-عبدالعزيز حجازي,الزبائن,الميزانية
            1211763-ملاك عبيد,الزبائن,الميزانية
            1211764-ياسمينة الاحمر,الزبائن,الميزانية
            1211765-علاء هلال,الزبائن,الميزانية
            1211766-لما حسين,الزبائن,الميزانية
            1211767-حنان سعيد,الزبائن,الميزانية
            1211768-دانيا معرباني,الزبائن,الميزانية
            1211769-عهد ابو عياش,الزبائن,الميزانية
            121177-ابرار,الزبائن,الميزانية
            1211770-محيي الدين صالح,الزبائن,الميزانية
            1211771-علا صالح,الزبائن,الميزانية
            1211772-عبادة الطحان,الزبائن,الميزانية
            1211773-اسامة الطحان,الزبائن,الميزانية
            1211774-محمد جمال الدين,الزبائن,الميزانية
            1211775-محمد شرف,الزبائن,الميزانية
            1211776-صلاح السوادي,الزبائن,الميزانية
            1211777-شهد درويش,الزبائن,الميزانية
            1211778-ابو محمد الاشتر,الزبائن,الميزانية
            1211779-هادية المحمد,الزبائن,الميزانية
            121178-اية عبلة,الزبائن,الميزانية
            1211780-رائد سلعس,الزبائن,الميزانية
            1211781-ليان مجلي,الزبائن,الميزانية
            1211782-سارة مطلق,الزبائن,الميزانية
            1211783-ماجدة عرنوس,الزبائن,الميزانية
            1211784-رغد عبد الرحيم,الزبائن,الميزانية
            1211785-اياد الرفاعي,الزبائن,الميزانية
            1211786-عمار سعيد,الزبائن,الميزانية
            1211787-سمر الحلبي,الزبائن,الميزانية
            1211788-رقية نشواتي,الزبائن,الميزانية
            1211789-ذكريات الحبشي,الزبائن,الميزانية
            121179-رنيم الحمرا,الزبائن,الميزانية
            1211790-شام صراميجو,الزبائن,الميزانية
            1211791-شام قازان,الزبائن,الميزانية
            1211792-دانة عبدالرحمن,الزبائن,الميزانية
            1211793-حلا النقيب,الزبائن,الميزانية
            1211794-يوسف السحلي,الزبائن,الميزانية
            1211795-هدية الحبشي,الزبائن,الميزانية
            1211796-ابو مالك,الزبائن,الميزانية
            1211797-محمد عواد,الزبائن,الميزانية
            1211798-اسراء المصري,الزبائن,الميزانية
            1211799-سيد الحميدي,الزبائن,الميزانية
            12118-انوار لولو,الزبائن,الميزانية
            121180-غفران دعمش,الزبائن,الميزانية
            1211800-حسام السحلي,الزبائن,الميزانية
            1211801-هيثم الدرويش,الزبائن,الميزانية
            1211802-رحمة السوادي,الزبائن,الميزانية
            1211803-نور سلعس,الزبائن,الميزانية
            1211804-ريما برغلة,الزبائن,الميزانية
            1211805-احمد البج,الزبائن,الميزانية
            1211806-زينب قرطيش,الزبائن,الميزانية
            1211807-بشرى ميرو,الزبائن,الميزانية
            1211808-شام فرسة,الزبائن,الميزانية
            1211809-راشد العطا,الزبائن,الميزانية
            121181-منار جاموس,الزبائن,الميزانية
            1211810-ميادة فرج,الزبائن,الميزانية
            1211811-خليل مصمص,الزبائن,الميزانية
            1211812-بيسان صالح,الزبائن,الميزانية
            1211813-رغد خلوف,الزبائن,الميزانية
            1211814-شعلان العمر,الزبائن,الميزانية
            1211815-ديمة شلاش,الزبائن,الميزانية
            1211816-مصطفى غندورة,الزبائن,الميزانية
            1211817-اماني ابو قش,الزبائن,الميزانية
            1211818-ابو زيد السوادي,الزبائن,الميزانية
            1211819-العنود الرانس,الزبائن,الميزانية
            121182-شهد رهف,الزبائن,الميزانية
            1211820-بشر سلعس,الزبائن,الميزانية
            1211821-راما سرور,الزبائن,الميزانية
            1211822-مرح قدور,الزبائن,الميزانية
            1211823-شام خرسة,الزبائن,الميزانية
            1211824-مرام برغلة,الزبائن,الميزانية
            1211825-خالد حجازي,الزبائن,الميزانية
            1211826-سالي قرطومة,الزبائن,الميزانية
            1211827-ملاك الحبشي,الزبائن,الميزانية
            1211828-لؤي الابراهيم,الزبائن,الميزانية
            1211829-عبدالله الباشا,الزبائن,الميزانية
            121183-زاهر الميداني,الزبائن,الميزانية
            1211830-شام يونس,الزبائن,الميزانية
            1211831-اية الزركلي,الزبائن,الميزانية
            1211832-عبدالكريم صالح,الزبائن,الميزانية
            1211833-ابو علي العباس,الزبائن,الميزانية
            1211834-ابو ابي,الزبائن,الميزانية
            1211835-خلاد السوادي,الزبائن,الميزانية
            1211836-فيحاء الطحان,الزبائن,الميزانية
            1211837-شادي ناجي,الزبائن,الميزانية
            1211838-مرح المصري,الزبائن,الميزانية
            1211839-لارا شلبي,الزبائن,الميزانية
            121184-شيخة حبش,الزبائن,الميزانية
            1211840-زينة كنينة,الزبائن,الميزانية
            1211841-جودي جاموس,الزبائن,الميزانية
            1211842-مروة الرفاعي,الزبائن,الميزانية
            1211843-محمود عمار,الزبائن,الميزانية
            1211844-محمد خيرو,الزبائن,الميزانية
            1211845-انس بعيون,الزبائن,الميزانية
            1211846-منى سلعس,الزبائن,الميزانية
            1211847-بيلسان الكيلاني,الزبائن,الميزانية
            1211848-سارة برمو,الزبائن,الميزانية
            1211849-دانا عرنوس,الزبائن,الميزانية
            121185-مريم كنينة,الزبائن,الميزانية
            1211850-ايناس الحبشي,الزبائن,الميزانية
            1211851-نور الاحمر 87,الزبائن,الميزانية
            1211852-احمد ايبو,الزبائن,الميزانية
            1211853-مالك الغضبان,الزبائن,الميزانية
            1211854-عبير البني,الزبائن,الميزانية
            1211855-طارق الحموي,الزبائن,الميزانية
            1211856-اسامة سنجاب,الزبائن,الميزانية
            1211857-مرام الباشا,الزبائن,الميزانية
            1211858-عبدالرحمن دخان,الزبائن,الميزانية
            1211859-محمد الشلبي 193,الزبائن,الميزانية
            121186-وسام عرفة,الزبائن,الميزانية
            1211860-رغد شاكر,الزبائن,الميزانية
            1211861-عزيزة الدالي,الزبائن,الميزانية
            1211862-سدرة السوادي,الزبائن,الميزانية
            1211863-رغد الرفاعي,الزبائن,الميزانية
            1211864-بتول الخطيب,الزبائن,الميزانية
            1211865-مصعب السوادي,الزبائن,الميزانية
            1211866-محمود عرطوز,الزبائن,الميزانية
            1211867-جاد فحام,الزبائن,الميزانية
            1211868-براء محيسن,الزبائن,الميزانية
            1211869-حسام سكر,الزبائن,الميزانية
            121187-خلدون السوادي,الزبائن,الميزانية
            1211870-مجد عرنوس,الزبائن,الميزانية
            1211871-رؤى عبدالكريم,الزبائن,الميزانية
            1211872-بيلسان قشوم,الزبائن,الميزانية
            1211873-الاء طالب,الزبائن,الميزانية
            1211874-جنى الصالحاني,الزبائن,الميزانية
            1211875-عيسى الفرحان,الزبائن,الميزانية
            1211876-عبدالله مقسوم,الزبائن,الميزانية
            1211877-محمود سلعس,الزبائن,الميزانية
            1211878-محمد حبشي,الزبائن,الميزانية
            1211879-يوسف دلة,الزبائن,الميزانية
            121188-مجد يحيى,الزبائن,الميزانية
            1211880-سمير معتوق,الزبائن,الميزانية
            1211881-حنان سوسق,الزبائن,الميزانية
            1211882-صفوان سكر,الزبائن,الميزانية
            1211883-مروة عيروط,الزبائن,الميزانية
            1211884-حبيب كريز,الزبائن,الميزانية
            1211885-نصوح البطش,الزبائن,الميزانية
            1211886-اريج برغلة,الزبائن,الميزانية
            1211887-احمد ماء وردي,الزبائن,الميزانية
            1211888-عرين قصاص,الزبائن,الميزانية
            1211889-ماريا معتوق,الزبائن,الميزانية
            121189-مهند الزلم,الزبائن,الميزانية
            1211890-مودة عصفور,الزبائن,الميزانية
            1211891-اسماء زهير,الزبائن,الميزانية
            1211892-ابو معاذ,الزبائن,الميزانية
            1211893-ايهم مراد,الزبائن,الميزانية
            1211894-زيد حسن,الزبائن,الميزانية
            1211895-شهد خالد,الزبائن,الميزانية
            1211896-انور السوادي,الزبائن,الميزانية
            1211897-ايهم عثمان,الزبائن,الميزانية
            1211898-لبابة غضبان,الزبائن,الميزانية
            1211899-فادية بريغش,الزبائن,الميزانية
            12119-ربى سعدالدين,الزبائن,الميزانية
            121190-راما عوده,الزبائن,الميزانية
            1211900-رؤئ حجازي,الزبائن,الميزانية
            1211901-منتصر حواط,الزبائن,الميزانية
            1211902-دلال بشير,الزبائن,الميزانية
            1211903-سعد هلال,الزبائن,الميزانية
            1211904-مجد النابلسي,الزبائن,الميزانية
            1211905-لؤي بشير,الزبائن,الميزانية
            1211906-مجد طلب,الزبائن,الميزانية
            1211907-رنا الغضبان,الزبائن,الميزانية
            1211908-رؤى حجازي,الزبائن,الميزانية
            1211909-هبة جاموس,الزبائن,الميزانية
            121191-حياة سليمان,الزبائن,الميزانية
            1211910-اسامة عيون,الزبائن,الميزانية
            1211911-مصطفى الاحمر,الزبائن,الميزانية
            1211912-مريم محمد549,الزبائن,الميزانية
            1211913-عبد الرحمن الاح,الزبائن,الميزانية
            1211914-ام عبدالرحمن طعمة,الزبائن,الميزانية
            1211915-حبيب عرنوس,الزبائن,الميزانية
            1211916-رفيف طافش,الزبائن,الميزانية
            1211917-بشير جعفر,الزبائن,الميزانية
            1211918-محمد صاطيلا,الزبائن,الميزانية
            1211919-تسنيم الاحمر,الزبائن,الميزانية
            121192-عفراء زكريا,الزبائن,الميزانية
            1211920-هديل كلثم,الزبائن,الميزانية
            1211921-فاطمة حمادة,الزبائن,الميزانية
            1211922-ضياء السوادي,الزبائن,الميزانية
            1211923-رنيم فيصل,الزبائن,الميزانية
            1211924-غصون عبيد,الزبائن,الميزانية
            1211925-رند طالب,الزبائن,الميزانية
            1211926-بيان الطحان,الزبائن,الميزانية
            1211927-نورا نابلسي,الزبائن,الميزانية
            1211928-دانة الرفاعي299,الزبائن,الميزانية
            1211929-مرام عبدالهادي,الزبائن,الميزانية
            121193-راما خليفة,الزبائن,الميزانية
            1211930-بشاير الزلم,الزبائن,الميزانية
            1211931-سماح عبد,الزبائن,الميزانية
            1211932-الاف,الزبائن,الميزانية
            1211933-ابراهيم قداح,الزبائن,الميزانية
            1211934-عبدالرحمن فرحات,الزبائن,الميزانية
            1211935-اسامة برمو,الزبائن,الميزانية
            1211936-سارة حميد,الزبائن,الميزانية
            1211937-اسماء اليعقوب,الزبائن,الميزانية
            1211938-قمر رمضان,الزبائن,الميزانية
            1211939-بتول الحبشي,الزبائن,الميزانية
            121194-رحمة برغلة,الزبائن,الميزانية
            1211940-يمنى الاحمر,الزبائن,الميزانية
            1211941-ام رواء,الزبائن,الميزانية
            1211942-0931724899,الزبائن,الميزانية
            1211943-خديجة شاكر,الزبائن,الميزانية
            1211944-محمد سميطة,الزبائن,الميزانية
            1211945-جمعية لمسات الخيرية,الزبائن,الميزانية
            1211946-انعام جاموس,الزبائن,الميزانية
            1211947-امال الباشا,الزبائن,الميزانية
            1211948-تقى برمو,الزبائن,الميزانية
            1211949-اسماء سنجاب,الزبائن,الميزانية
            121195-صفا مرزا,الزبائن,الميزانية
            1211950-امل العوام,الزبائن,الميزانية
            1211951-اميرة الاحمر,الزبائن,الميزانية
            1211952-رولا السوادي,الزبائن,الميزانية
            1211953-نجوى السوادي,الزبائن,الميزانية
            1211954-بنان مجاهد,الزبائن,الميزانية
            1211955-بيان سميطة,الزبائن,الميزانية
            1211956-منى زينو,الزبائن,الميزانية
            1211957-صفاء برمو,الزبائن,الميزانية
            1211958-هبة سلامة,الزبائن,الميزانية
            1211959-ابراهيم سكاف,الزبائن,الميزانية
            121196-ميرال زينة,الزبائن,الميزانية
            1211960-حازم الغبرة,الزبائن,الميزانية
            1211961-ابرار الاحمر 341,الزبائن,الميزانية
            1211962-نور طحنة,الزبائن,الميزانية
            1211963-سدرا,الزبائن,الميزانية
            1211964-زكريا خلف,الزبائن,الميزانية
            1211965-ملهم حمادية,الزبائن,الميزانية
            1211966-نصرالله السلامين,الزبائن,الميزانية
            1211967-رياض ابو معاذ,الزبائن,الميزانية
            1211968-يزن حقي,الزبائن,الميزانية
            1211969-فاطمه,الزبائن,الميزانية
            121197-ود جاموس,الزبائن,الميزانية
            1211971-عبد الرحمن الاحمر,الزبائن,الميزانية
            1211972-حلا قصيص,الزبائن,الميزانية
            1211973-محمد طلال,الزبائن,الميزانية
            1211974-ليلاس عبدالله,الزبائن,الميزانية
            1211975-عمار السوادي,الزبائن,الميزانية
            1211976-نور درويش,الزبائن,الميزانية
            1211977-اروا السواعدي,الزبائن,الميزانية
            1211978-حسن الاسعد,الزبائن,الميزانية
            1211979-ساهر الاحام,الزبائن,الميزانية
            121198-فاتنه عبد ربو,الزبائن,الميزانية
            1211980-روان الراشد,الزبائن,الميزانية
            1211981-تبارك غويش,الزبائن,الميزانية
            1211982-ضياء سنجاب,الزبائن,الميزانية
            1211983-المى خالد,الزبائن,الميزانية
            1211984-خليل غضبان,الزبائن,الميزانية
            1211985-محمد منتصر الاحمر,الزبائن,الميزانية
            1211986-غلا ال مسعود,الزبائن,الميزانية
            1211987-عائشة غويش,الزبائن,الميزانية
            1211988-عبدالعزيز النجمي,الزبائن,الميزانية
            1211989-توفيق بربور,الزبائن,الميزانية
            121199-مودة طعمة,الزبائن,الميزانية
            1211990-ايهاب الاغبر,الزبائن,الميزانية
            1211991-محمد الجميلي,الزبائن,الميزانية
            1211992-صلاح دخان,الزبائن,الميزانية
            1211993-عمر المحمود,الزبائن,الميزانية
            1211994-رمزي الموك,الزبائن,الميزانية
            1211995-ديالا الحاج علي,الزبائن,الميزانية
            1211996-vl.d,الزبائن,الميزانية
            1211997-يوسف خطاب,الزبائن,الميزانية
            1211998-نور الجاسم,الزبائن,الميزانية
            1211999-بشرى قاسم,الزبائن,الميزانية
            1212-عبدالله السوادي,الزبائن,الميزانية
            12120-شام عبيد,الزبائن,الميزانية
            121200-مرح حبشية,الزبائن,الميزانية
            1212000-ايمن دلة,الزبائن,الميزانية
            1212001-عبدالملك معتوق,الزبائن,الميزانية
            1212002-خلود جاموس,الزبائن,الميزانية
            1212003-شيماء جميلة,الزبائن,الميزانية
            1212004-سدرا البني,الزبائن,الميزانية
            1212005-محمد شمس الدين,الزبائن,الميزانية
            1212006-رند ميار,الزبائن,الميزانية
            1212007-عارف حبيب,الزبائن,الميزانية
            1212008-محمد قرقور,الزبائن,الميزانية
            1212009-عباس نيازي,الزبائن,الميزانية
            121201-تيماء سكر,الزبائن,الميزانية
            1212010-شهد بلبل,الزبائن,الميزانية
            1212011-شهد بيان,الزبائن,الميزانية
            1212012-ساهل اللاحام,الزبائن,الميزانية
            1212013-فاطمة الزهراء,الزبائن,الميزانية
            1212014-احمد الحسن,الزبائن,الميزانية
            1212015-هيفين غويش,الزبائن,الميزانية
            1212016-اية المغربي,الزبائن,الميزانية
            1212017-ايمن درة,الزبائن,الميزانية
            1212018-ميار هلال,الزبائن,الميزانية
            1212019-زمرد شعبان,الزبائن,الميزانية
            121202-امنة,الزبائن,الميزانية
            1212020-احمد ضاهر,الزبائن,الميزانية
            1212021-ريان عز الرجال,الزبائن,الميزانية
            1212022-حلا الشلبي,الزبائن,الميزانية
            1212023-علا بريغش,الزبائن,الميزانية
            1212024-قصي تألس,الزبائن,الميزانية
            1212025-امنة الحجازي,الزبائن,الميزانية
            1212026-ابو الليث,الزبائن,الميزانية
            1212027-هبة شاكر,الزبائن,الميزانية
            1212028-عبدالرحمن المصري,الزبائن,الميزانية
            1212029-محمد توم,الزبائن,الميزانية
            121203-كمال,الزبائن,الميزانية
            1212030-صفا حجازي,الزبائن,الميزانية
            1212031-هدى حجازي,الزبائن,الميزانية
            1212032-سدرة المزروع,الزبائن,الميزانية
            1212033-رماز قدوري,الزبائن,الميزانية
            1212034-مازن سنجاب,الزبائن,الميزانية
            1212035-عبدالرحن عبدربو,الزبائن,الميزانية
            1212036-نور ناجي,الزبائن,الميزانية
            1212037-خالد عثمان,الزبائن,الميزانية
            1212038-سناء ابوقش,الزبائن,الميزانية
            1212039-ريم المزرور,الزبائن,الميزانية
            121204-علا ضاهر,الزبائن,الميزانية
            1212040-ملاذ قدورة,الزبائن,الميزانية
            1212041-ابوعلي العباس,الزبائن,الميزانية
            1212042-عولا حجازي,الزبائن,الميزانية
            1212043-قصي الغضبان,الزبائن,الميزانية
            1212044-عمر عرنوص,الزبائن,الميزانية
            1212045-ابويعقوب,الزبائن,الميزانية
            1212046-صابرين الاحمر,الزبائن,الميزانية
            1212047-ايناس هيلم,الزبائن,الميزانية
            1212048-ايه ابوالوفا,الزبائن,الميزانية
            1212049-عبير عثمان,الزبائن,الميزانية
            121205-عبد الوهاب,الزبائن,الميزانية
            1212050-محمد بشير 66,الزبائن,الميزانية
            1212051-بلال,الزبائن,الميزانية
            1212052-ابوجواد,الزبائن,الميزانية
            1212053-قصي ابوقش,الزبائن,الميزانية
            1212054-عبدالهادي درباع,الزبائن,الميزانية
            1212057-محمد قشوم,الزبائن,الميزانية
            1212058-رهف جاموس,الزبائن,الميزانية
            1212059-ابراهيم غويش,الزبائن,الميزانية
            121206-امنة علعل,الزبائن,الميزانية
            1212060-عبدالرحيم حجازي,الزبائن,الميزانية
            1212061-نهال المؤذن,الزبائن,الميزانية
            1212062-زينب سنجاب,الزبائن,الميزانية
            1212063-ولاء عرابي,الزبائن,الميزانية
            1212064-عبد الهادي السوادي,الزبائن,الميزانية
            1212065-هبة الاحمر,الزبائن,الميزانية
            1212066-ريتال عثمان,الزبائن,الميزانية
            1212067-يمنا حجازي,الزبائن,الميزانية
            1212068-شهد خطيب,الزبائن,الميزانية
            1212069-راىد عمر,الزبائن,الميزانية
            121207-حلا قرقور,الزبائن,الميزانية
            1212070-مجد العسلي,الزبائن,الميزانية
            1212071-مجد العاصري,الزبائن,الميزانية
            1212072-حلا يحيى الشلبي,الزبائن,الميزانية
            1212073-علي احمد,الزبائن,الميزانية
            1212074-ابراهيم السوادي,الزبائن,الميزانية
            1212075-هبة قاسم,الزبائن,الميزانية
            1212076-ابوحمزه غبرة,الزبائن,الميزانية
            1212077-زاهر التارة,الزبائن,الميزانية
            1212078-عدي قرقور,الزبائن,الميزانية
            1212079-عبد الرحمن هواري,الزبائن,الميزانية
            121208-هاني شمو,الزبائن,الميزانية
            1212080-عمران الاحمر,الزبائن,الميزانية
            1212081-ابو حمزة,الزبائن,الميزانية
            1212082-محمد تقلس,الزبائن,الميزانية
            1212083-محمد الرفاعي 463,الزبائن,الميزانية
            1212084-سارة كامل,الزبائن,الميزانية
            1212085-هويدا عرنوس,الزبائن,الميزانية
            1212086-اسامة الرفاعي,الزبائن,الميزانية
            1212087-جمال فرج,الزبائن,الميزانية
            1212088-معمر,الزبائن,الميزانية
            1212089-اريج المظلوم,الزبائن,الميزانية
            121209-محمد جار,الزبائن,الميزانية
            1212090-رامز جمعة,الزبائن,الميزانية
            1212091-نيرمين سنجاب,الزبائن,الميزانية
            1212092-مجد عبدالله,الزبائن,الميزانية
            1212093-جواد سعيد,الزبائن,الميزانية
            1212094-المعتصم بالله طالب,الزبائن,الميزانية
            1212095-عادل حموده,الزبائن,الميزانية
            1212096-سلطان بسام,الزبائن,الميزانية
            1212097-عبدالرحمن عرنوص,الزبائن,الميزانية
            1212098-انس قاسم,الزبائن,الميزانية
            1212099-انس محمد,الزبائن,الميزانية
            12121-ضيافة المحل,الزبائن,الميزانية
            121210-يسرئ,الزبائن,الميزانية
            1212100-ابو ملهم,الزبائن,الميزانية
            1212101-عبدالرحمن الغضبان,الزبائن,الميزانية
            1212102-بدور محمد,الزبائن,الميزانية
            1212103-محمد السحلي,الزبائن,الميزانية
            1212104-حسين الطحان,الزبائن,الميزانية
            1212105-فاطمة جاموس,الزبائن,الميزانية
            1212106-عبدالعزيز السحلي,الزبائن,الميزانية
            1212107-ريم بايزيد,الزبائن,الميزانية
            1212108-ياسر القدموس,الزبائن,الميزانية
            1212109-رؤى شاهين الاحمر,الزبائن,الميزانية
            121211-قتيبة شلبي,الزبائن,الميزانية
            1212110-دكتور احمد,الزبائن,الميزانية
            1212111-ايناس الخطيب,الزبائن,الميزانية
            1212112-سامر دعبول,الزبائن,الميزانية
            1212113-عبدالله خليفة,الزبائن,الميزانية
            1212114-انس المصري,الزبائن,الميزانية
            1212115-حنين عابدة,الزبائن,الميزانية
            1212116-شيرين زياد,الزبائن,الميزانية
            1212117-خالد عنبرة,الزبائن,الميزانية
            1212118-شكور ام وتين,الزبائن,الميزانية
            1212119-عبد الله ادلبي,الزبائن,الميزانية
            121212-فاطمة سنجاب,الزبائن,الميزانية
            1212120-علا منصور,الزبائن,الميزانية
            1212121-سيدرة الاحمر,الزبائن,الميزانية
            1212122-ابو ايهم ابو قبع,الزبائن,الميزانية
            1212123-سلمى دعبول,الزبائن,الميزانية
            1212124-محمود سعدون,الزبائن,الميزانية
            1212125-عروبة لكش,الزبائن,الميزانية
            1212126-زيد كلثم,الزبائن,الميزانية
            1212127-وسام الرفاعي,الزبائن,الميزانية
            1212128-ابراهيم عواد,الزبائن,الميزانية
            1212129-مرح نصر,الزبائن,الميزانية
            121213-رمزي سلعس,الزبائن,الميزانية
            1212130-غفران السوادي,الزبائن,الميزانية
            1212131-رهف شلبي,الزبائن,الميزانية
            1212132-نور بايزيد,الزبائن,الميزانية
            1212133-ايناس الرفاعي,الزبائن,الميزانية
            1212134-سارة جاموس,الزبائن,الميزانية
            1212135-وسام الغريب,الزبائن,الميزانية
            1212136-صهيب طحلس,الزبائن,الميزانية
            1212137-عمر الساعور \,الزبائن,الميزانية
            1212138-شادية القطمة,الزبائن,الميزانية
            1212139-سليمان درويش,الزبائن,الميزانية
            121214-فهد الغبرة,الزبائن,الميزانية
            1212140-ميساء السوادي,الزبائن,الميزانية
            1212141-معاذ علعل,الزبائن,الميزانية
            1212142-بهاء سنجاب,الزبائن,الميزانية
            1212143-عمر عثمان,الزبائن,الميزانية
            1212144-محمد حجازي 571,الزبائن,الميزانية
            1212145-شيماء بلبل,الزبائن,الميزانية
            1212146-لجين عاشور,الزبائن,الميزانية
            1212147-باسل برغلة,الزبائن,الميزانية
            1212148-عبدلله الحبشي,الزبائن,الميزانية
            1212149-منتصر ابو محمد,الزبائن,الميزانية
            121215-مرجان,الزبائن,الميزانية
            1212150-ياسمين الرفاعي,الزبائن,الميزانية
            1212151-نور البج,الزبائن,الميزانية
            1212152-ماهر الغبرة,الزبائن,الميزانية
            1212153-مجد اللحام,الزبائن,الميزانية
            1212154-افنان سلعس,الزبائن,الميزانية
            1212155-جواد الاغبر,الزبائن,الميزانية
            1212156-مريم الهندي,الزبائن,الميزانية
            1212157-فراس سنجاب,الزبائن,الميزانية
            1212158-زين العابدين المغربي,الزبائن,الميزانية
            1212159-ايمان مرزا,الزبائن,الميزانية
            121216-يامن سنجاب,الزبائن,الميزانية
            1212160-عائيسة لويس,الزبائن,الميزانية
            1212161-سدرة ميرو,الزبائن,الميزانية
            1212162-ايهم عبادة,الزبائن,الميزانية
            1212163-سهام المطهر,الزبائن,الميزانية
            1212164-رغد ابو قبع,الزبائن,الميزانية
            1212165-فرح الكردي,الزبائن,الميزانية
            1212166-عبدالله رستم,الزبائن,الميزانية
            1212167-عبد الله مقصوم,الزبائن,الميزانية
            1212168-حياة المصري,الزبائن,الميزانية
            1212169-جنى مامون,الزبائن,الميزانية
            121217-حنان الرفاعي,الزبائن,الميزانية
            1212170-ثراء السوادي,الزبائن,الميزانية
            1212171-محمد بربور,الزبائن,الميزانية
            1212172-عاصم السوادي,الزبائن,الميزانية
            1212173-رغدا,الزبائن,الميزانية
            1212174-نهاد قطيش,الزبائن,الميزانية
            1212175-يزيد المصري,الزبائن,الميزانية
            1212176-تقوى الرفاعي,الزبائن,الميزانية
            1212177-ساري جاموس,الزبائن,الميزانية
            1212178-اسلام مخلص,الزبائن,الميزانية
            1212179-عبدالله جاموس,الزبائن,الميزانية
            121218-هاني معتوق,الزبائن,الميزانية
            1212180-هدى خوجة,الزبائن,الميزانية
            1212181-هدى جوخة,الزبائن,الميزانية
            1212182-اريج الزرع,الزبائن,الميزانية
            1212183-mohamed shom,الزبائن,الميزانية
            1212184-محمد خير,الزبائن,الميزانية
            1212185-صفاء البصيص,الزبائن,الميزانية
            1212186-رضوان حمود,الزبائن,الميزانية
            1212187-عبد الرحمن السوادي9902,الزبائن,الميزانية
            1212188-عالية حجازي,الزبائن,الميزانية
            1212189-راما اغا,الزبائن,الميزانية
            121219-هبة طالب,الزبائن,الميزانية
            1212190-رشيد سعد الدين,الزبائن,الميزانية
            1212191-قمر الكيلاني,الزبائن,الميزانية
            1212192-صفاء المصري,الزبائن,الميزانية
            1212193-ام جهاد سنجاب,الزبائن,الميزانية
            1212194-ميساء مصمص,الزبائن,الميزانية
            1212195-روز العلي,الزبائن,الميزانية
            1212196-يوسف خليل,الزبائن,الميزانية
            1212197-عباده منصور,الزبائن,الميزانية
            1212198-حلا الفروخ,الزبائن,الميزانية
            1212199-ناريمان دبس,الزبائن,الميزانية
            12122-منار عودة,الزبائن,الميزانية
            121220-ليلى عاشور,الزبائن,الميزانية
            1212200-ابرار حافظ,الزبائن,الميزانية
            1212201-عبدالاله عرنوص,الزبائن,الميزانية
            1212202-اطر الندى,الزبائن,الميزانية
            1212203-قصي سليم,الزبائن,الميزانية
            1212204-ايمان عابدة,الزبائن,الميزانية
            1212205-احمد الشلبي 997,الزبائن,الميزانية
            1212206-حنين السمان,الزبائن,الميزانية
            1212207-جنة عرفة,الزبائن,الميزانية
            1212208-عارف دابلة,الزبائن,الميزانية
            1212209-يمنى ابو حسن,الزبائن,الميزانية
            121221-بندر,الزبائن,الميزانية
            1212210-عبدالرحمن كلثوم,الزبائن,الميزانية
            1212211-محمد باسم عفا الرفاعي,الزبائن,الميزانية
            1212212-محمود حموده,الزبائن,الميزانية
            1212213-زران انس,الزبائن,الميزانية
            1212214-نوفل الحبيب,الزبائن,الميزانية
            1212215-امير عزيزة,الزبائن,الميزانية
            1212216-دارين حلبي,الزبائن,الميزانية
            1212217-ميار,الزبائن,الميزانية
            1212218-جودي خباز,الزبائن,الميزانية
            1212219-محمد طلاع,الزبائن,الميزانية
            121222-عصمت ابوقبع,الزبائن,الميزانية
            1212220-سعاد المحمد,الزبائن,الميزانية
            1212221-مراوان العباسي,الزبائن,الميزانية
            1212222-جعفر عثمان,الزبائن,الميزانية
            1212223-ليان صالح,الزبائن,الميزانية
            1212224-كوكب شلبي,الزبائن,الميزانية
            1212225-حلا عرنوس,الزبائن,الميزانية
            1212226-لجين جمال,الزبائن,الميزانية
            1212227-مها الرفاعي,الزبائن,الميزانية
            1212228-مريم دعبول,الزبائن,الميزانية
            1212229-ديما السمرة,الزبائن,الميزانية
            121223-ابراهيم البدوي,الزبائن,الميزانية
            1212230-تسنيم احمد 724,الزبائن,الميزانية
            1212231-انس غويش,الزبائن,الميزانية
            1212232-حلا الدرويش,الزبائن,الميزانية
            1212233-اية شبلي,الزبائن,الميزانية
            1212234-ايهم حمزة,الزبائن,الميزانية
            1212235-رشا المصري,الزبائن,الميزانية
            1212236-ضياء قرقور,الزبائن,الميزانية
            1212237-عبدالرحمن البوشي,الزبائن,الميزانية
            1212238-عبدالله ادلبي,الزبائن,الميزانية
            1212239-هبة نصر,الزبائن,الميزانية
            121224-مضر سليمان,الزبائن,الميزانية
            1212240-مارتا رحال,الزبائن,الميزانية
            1212241-هادية عطار,الزبائن,الميزانية
            1212242-امجد الرفاعي,الزبائن,الميزانية
            1212243-قاسم ديبان,الزبائن,الميزانية
            1212244-فايز سميطة,الزبائن,الميزانية
            1212245-سيد ابراهيم,الزبائن,الميزانية
            1212246-عمر قريش,الزبائن,الميزانية
            1212247-براءة خروس,الزبائن,الميزانية
            1212248-شهد برغله,الزبائن,الميزانية
            1212249-شام شبلي,الزبائن,الميزانية
            121225-هديل عبدربو,الزبائن,الميزانية
            1212250-ماريا بريغش,الزبائن,الميزانية
            1212251-ايناس برمو,الزبائن,الميزانية
            1212252-فراس التارة,الزبائن,الميزانية
            1212253-سعد حجازي,الزبائن,الميزانية
            1212254-ماريا الكيلاني,الزبائن,الميزانية
            1212255-وسام محمد,الزبائن,الميزانية
            1212256-رنيم ابو زيد,الزبائن,الميزانية
            1212257-لجين شربط,الزبائن,الميزانية
            1212258-مهند حجار,الزبائن,الميزانية
            1212259-دانة النوري,الزبائن,الميزانية
            121226-جيهان حنيفة,الزبائن,الميزانية
            1212260-فاتن بيتموني,الزبائن,الميزانية
            1212261-دلع المصري,الزبائن,الميزانية
            1212262-سارة الشعار,الزبائن,الميزانية
            1212263-ايه حمود,الزبائن,الميزانية
            1212264-بتول برغلة,الزبائن,الميزانية
            1212265-شهد النمر,الزبائن,الميزانية
            1212266-رغد عبدربه,الزبائن,الميزانية
            1212267-اية سلعس,الزبائن,الميزانية
            1212268-خليل دعمش,الزبائن,الميزانية
            1212269-مرام الاحمر,الزبائن,الميزانية
            121227-حنان الشامي,الزبائن,الميزانية
            1212270-زينة عصفور,الزبائن,الميزانية
            1212271-شهد الكيلاني,الزبائن,الميزانية
            1212272-لمى ابو حسن 805,الزبائن,الميزانية
            1212273-دعاء صراميجو,الزبائن,الميزانية
            1212274-سدرة الطحان,الزبائن,الميزانية
            1212275-بيان الرانس,الزبائن,الميزانية
            1212276-الما الزرع,الزبائن,الميزانية
            1212277-محمد داوود,الزبائن,الميزانية
            1212278-فارس الحبشي,الزبائن,الميزانية
            1212279-شدن الشلبي,الزبائن,الميزانية
            121228-خلود برمو,الزبائن,الميزانية
            1212280-احمد بشير,الزبائن,الميزانية
            1212281-سارة ابو خرمة,الزبائن,الميزانية
            1212282-فايز العلي,الزبائن,الميزانية
            1212283-بلال عيد دلال,الزبائن,الميزانية
            1212284-عمر خليفة,الزبائن,الميزانية
            1212285-حلا رفيق,الزبائن,الميزانية
            1212286-عطر الجنة,الزبائن,الميزانية
            1212287-هشام زين الدين,الزبائن,الميزانية
            1212288-حاتم الحبشي,الزبائن,الميزانية
            1212289-رياض جمعة,الزبائن,الميزانية
            121229-اويس فرعون,الزبائن,الميزانية
            1212290-محمد الشعار 420,الزبائن,الميزانية
            1212291-بلال كيلاني,الزبائن,الميزانية
            1212292-جمال عبيد,الزبائن,الميزانية
            1212293-فيصل سميطة,الزبائن,الميزانية
            1212294-سمية السوادي,الزبائن,الميزانية
            1212295-يارا خضر,الزبائن,الميزانية
            1212296-محمد مصمص,الزبائن,الميزانية
            1212297-ريم مامون,الزبائن,الميزانية
            1212298-لجين السحلي,الزبائن,الميزانية
            1212299-بيسان قشوم,الزبائن,الميزانية
            12123-سارة الغبرة,الزبائن,الميزانية
            121230-بيسان برمو,الزبائن,الميزانية
            1212300-حبيب بركات,الزبائن,الميزانية
            1212301-معتصم القادي,الزبائن,الميزانية
            1212302-احمد البطحيش,الزبائن,الميزانية
            1212303-روان خطيب,الزبائن,الميزانية
            1212304-غلا الحسين,الزبائن,الميزانية
            1212305-غنى حاموس,الزبائن,الميزانية
            1212306-سما معتوق,الزبائن,الميزانية
            1212307-مرام طعمة,الزبائن,الميزانية
            1212308-ميسم عبد الواحد,الزبائن,الميزانية
            1212309-وفاء ابريق,الزبائن,الميزانية
            121231-جودي سبيناتي,الزبائن,الميزانية
            1212310-سلام غزاوي,الزبائن,الميزانية
            1212311-احمد دياب,الزبائن,الميزانية
            1212312-ايهم برغلة,الزبائن,الميزانية
            1212313-هدى الدسوقي,الزبائن,الميزانية
            1212314-حلا العربينية,الزبائن,الميزانية
            1212315-جودي دندن,الزبائن,الميزانية
            1212316-ايمن الحنش,الزبائن,الميزانية
            1212317-شام  عزيزة,الزبائن,الميزانية
            1212318-بيسان المظلوم,الزبائن,الميزانية
            1212319-هبة الحلبي,الزبائن,الميزانية
            121232-سيدرا عبلا,الزبائن,الميزانية
            1212320-ديم مأمون,الزبائن,الميزانية
            1212321-جهاد الغبرة,الزبائن,الميزانية
            1212322-مامون بصلة,الزبائن,الميزانية
            1212323-محمد سلعس,الزبائن,الميزانية
            1212324-لين عصام,الزبائن,الميزانية
            1212325-شهد الخالد,الزبائن,الميزانية
            1212326-نسرين طلب,الزبائن,الميزانية
            1212327-لمار حمزة,الزبائن,الميزانية
            1212328-سورين,الزبائن,الميزانية
            1212329-ريم برمو,الزبائن,الميزانية
            121233-سنا محمد,الزبائن,الميزانية
            1212330-ماجدة عصفور,الزبائن,الميزانية
            1212331-سوسن حجازي,الزبائن,الميزانية
            1212332-سدرة الموسى,الزبائن,الميزانية
            1212333-قطر الندى عبدربه,الزبائن,الميزانية
            1212334-امجد يونس,الزبائن,الميزانية
            1212335-رحيق العرنوس,الزبائن,الميزانية
            1212336-هبة صالح,الزبائن,الميزانية
            1212337-راما ابراهيم,الزبائن,الميزانية
            1212338-عبد الهندي,الزبائن,الميزانية
            1212339-اميرة المصري,الزبائن,الميزانية
            121234-تيماء الاحمر,الزبائن,الميزانية
            1212340-مرام طافش,الزبائن,الميزانية
            1212341-جمال البج,الزبائن,الميزانية
            1212342-سدرة ابو حمرة,الزبائن,الميزانية
            1212343-توفيق السلطان,الزبائن,الميزانية
            1212344-نزير الكيلاني,الزبائن,الميزانية
            1212345-مؤيد ابو الوفا,الزبائن,الميزانية
            1212346-علي الحبشي,الزبائن,الميزانية
            1212347-بلال محمود,الزبائن,الميزانية
            1212348-رواد خليف,الزبائن,الميزانية
            1212349-ملاك مروان,الزبائن,الميزانية
            121235-ملاك,الزبائن,الميزانية
            1212350-محمد حنيفة,الزبائن,الميزانية
            1212351-محمد ناصر,الزبائن,الميزانية
            1212352-جنى 66,الزبائن,الميزانية
            1212353-حمدي عطايا,الزبائن,الميزانية
            1212354-رغد جميلة,الزبائن,الميزانية
            1212355-حسن الرفاعي,الزبائن,الميزانية
            1212356-علي بلبوس,الزبائن,الميزانية
            1212357-مالك عثمان,الزبائن,الميزانية
            1212358-ابو فارس ايبو حسن,الزبائن,الميزانية
            1212359-معن السوادي,الزبائن,الميزانية
            121236-مروة الباشا,الزبائن,الميزانية
            1212360-راىد الاحمر,الزبائن,الميزانية
            1212361-رواق عبد ربه,الزبائن,الميزانية
            1212362-مروة الكيلاني,الزبائن,الميزانية
            1212363-فرح المصري,الزبائن,الميزانية
            1212364-شهد الخواجه,الزبائن,الميزانية
            1212365-نزير الجبهجي,الزبائن,الميزانية
            1212366-سالي دعمش,الزبائن,الميزانية
            1212367-فاطمة الاحمر,الزبائن,الميزانية
            1212368-شهد كريز,الزبائن,الميزانية
            1212369-رنا بلبل,الزبائن,الميزانية
            121237-غزل الخطيب,الزبائن,الميزانية
            1212370-ملاك التارة,الزبائن,الميزانية
            1212371-حسن الشمري,الزبائن,الميزانية
            1212372-عبد الرحيم ابراهيم,الزبائن,الميزانية
            1212373-باسل عبدالقادر,الزبائن,الميزانية
            1212374-حمزة العبود,الزبائن,الميزانية
            1212375-صلاح عثمان,الزبائن,الميزانية
            1212376-بنان سنجاب,الزبائن,الميزانية
            1212377-ماسة علاوية,الزبائن,الميزانية
            1212378-صلاح فايز الدروش,الزبائن,الميزانية
            1212379-نهى يوسف,الزبائن,الميزانية
            121238-علي علوش,الزبائن,الميزانية
            1212380-كرم سلعس,الزبائن,الميزانية
            1212381-علي قاسم,الزبائن,الميزانية
            1212382-جودي حجازي,الزبائن,الميزانية
            1212383-حلا شريدم,الزبائن,الميزانية
            1212384-حنين نجح,الزبائن,الميزانية
            1212385-يارا حيدور,الزبائن,الميزانية
            1212386-رولا شلبي 1,الزبائن,الميزانية
            1212387-مرام برمو,الزبائن,الميزانية
            1212388-ود الهندي,الزبائن,الميزانية
            1212389-ايهاب مريم,الزبائن,الميزانية
            121239-مروة كلية,الزبائن,الميزانية
            1212390-سالي السكري,الزبائن,الميزانية
            1212391-وافي ابو سلية,الزبائن,الميزانية
            1212392-فاضل حنيفة,الزبائن,الميزانية
            1212393-ربى الخطيب,الزبائن,الميزانية
            1212394-جودي الزرع,الزبائن,الميزانية
            1212395-مشفى الحسن,الزبائن,الميزانية
            1212396-محمد خرسة,الزبائن,الميزانية
            1212397-عبدالله الكيلاني,الزبائن,الميزانية
            1212398-تيماء عبدالعال,الزبائن,الميزانية
            1212399-دانيا فرحات,الزبائن,الميزانية
            12124-جمانة قانصو,الزبائن,الميزانية
            121240-حسام علوش,الزبائن,الميزانية
            1212400-تقي الدين السوادي,الزبائن,الميزانية
            1212401-ريان الحربي,الزبائن,الميزانية
            1212402-احمد الهندي,الزبائن,الميزانية
            1212403-احمد الصمل,الزبائن,الميزانية
            1212404-رؤى السوادي,الزبائن,الميزانية
            1212405-خديجة سعدون,الزبائن,الميزانية
            1212406-ليان السحلي,الزبائن,الميزانية
            1212407-اية جليلاتي,الزبائن,الميزانية
            1212408-فاتنة عبدربه,الزبائن,الميزانية
            1212409-ضياء السحلي,الزبائن,الميزانية
            121241-محمد عصمت,الزبائن,الميزانية
            1212410-باسل صالح,الزبائن,الميزانية
            1212411-خطاب العتيبي,الزبائن,الميزانية
            1212412-محمد النعيمي,الزبائن,الميزانية
            1212413-نور عبدو,الزبائن,الميزانية
            1212414-تسنيم يركات,الزبائن,الميزانية
            1212415-يارا زقواري,الزبائن,الميزانية
            1212416-سارة قرطمة,الزبائن,الميزانية
            1212417-حازم الزلم,الزبائن,الميزانية
            1212418-جلال صالحاني,الزبائن,الميزانية
            1212419-اية حافظ,الزبائن,الميزانية
            121242-راما بشير,الزبائن,الميزانية
            1212420-الياس الخطيب,الزبائن,الميزانية
            1212421-مرام هلال,الزبائن,الميزانية
            1212422-عروة الباشا,الزبائن,الميزانية
            1212423-ام محمد كنينة,الزبائن,الميزانية
            1212424-رهام دعمش,الزبائن,الميزانية
            1212425-سدرة الخطيب,الزبائن,الميزانية
            1212426-بشرى بعيون,الزبائن,الميزانية
            1212427-ابومالك,الزبائن,الميزانية
            1212428-غانم كيلاني,الزبائن,الميزانية
            1212429-ريما موالدي,الزبائن,الميزانية
            121243-مالك عبيد,الزبائن,الميزانية
            1212430-مسره شلبي,الزبائن,الميزانية
            1212431-مناف الرفاعي,الزبائن,الميزانية
            1212432-رغد عوده,الزبائن,الميزانية
            1212433-مراد الاحام,الزبائن,الميزانية
            1212434-موراد الاحام,الزبائن,الميزانية
            1212435-سوسن الحليبي,الزبائن,الميزانية
            1212436-حسين هشام,الزبائن,الميزانية
            1212437-ماهر المفوط,الزبائن,الميزانية
            1212438-ياسين شاهين الاحمر,الزبائن,الميزانية
            1212439-هنادي الطحان,الزبائن,الميزانية
            121244-خالد عبيد,الزبائن,الميزانية
            1212440-حلا الكيلاني,الزبائن,الميزانية
            1212441-يامن معنية,الزبائن,الميزانية
            1212442-عبد الرحمن لا,الزبائن,الميزانية
            1212443-بيسان عرنوص,الزبائن,الميزانية
            1212444-عبدالرحمن 639,الزبائن,الميزانية
            1212445-هند ابو زيد,الزبائن,الميزانية
            1212446-ماجد عثمان,الزبائن,الميزانية
            1212447-احلام الاحمر,الزبائن,الميزانية
            1212448-يوسف قهوجي,الزبائن,الميزانية
            1212449-ريما برغليه,الزبائن,الميزانية
            121245-معتوق,الزبائن,الميزانية
            1212450-سطان سنجاب,الزبائن,الميزانية
            1212451-رنينا جاموس,الزبائن,الميزانية
            1212452-منذر فرحات,الزبائن,الميزانية
            1212453-مصطفى حمدان,الزبائن,الميزانية
            1212454-احمد الحنش,الزبائن,الميزانية
            1212455-رغد دمعه,الزبائن,الميزانية
            1212456-فاضل عابده,الزبائن,الميزانية
            1212457-فاضل عابدة,الزبائن,الميزانية
            1212458-لما طالب,الزبائن,الميزانية
            1212459-مياس الحبشي,الزبائن,الميزانية
            121246-عبد الله 313,الزبائن,الميزانية
            1212460-ياسمين شلهوم,الزبائن,الميزانية
            1212461-سلمان الحبشي,الزبائن,الميزانية
            1212462-اريج ميرو,الزبائن,الميزانية
            1212463-سيدره صالح,الزبائن,الميزانية
            1212464-فاطمة زينية,الزبائن,الميزانية
            1212465-زكريا بو خرمة,الزبائن,الميزانية
            1212466-قصي الحليلي,الزبائن,الميزانية
            1212467-عبدالله بديوي,الزبائن,الميزانية
            1212468-اية نصرة,الزبائن,الميزانية
            1212469-ناهد حجله,الزبائن,الميزانية
            121247-هدى جاموس,الزبائن,الميزانية
            1212470-اية محيسن,الزبائن,الميزانية
            1212471-ريحانة السوادي,الزبائن,الميزانية
            1212472-اماني الباشا,الزبائن,الميزانية
            1212473-هزار اسماعيل,الزبائن,الميزانية
            1212474-هبة كوجك,الزبائن,الميزانية
            1212475-علا الشلبي,الزبائن,الميزانية
            1212476-عبير بنان,الزبائن,الميزانية
            1212477-احمد اسماعيل,الزبائن,الميزانية
            1212478-نور الاحمر 880,الزبائن,الميزانية
            1212479-شهد الضميري,الزبائن,الميزانية
            121248-ماهر الفوطة,الزبائن,الميزانية
            1212480-عبير الباشا,الزبائن,الميزانية
            1212481-رغد صفوان الخلوف,الزبائن,الميزانية
            1212482-حسين الشلبي,الزبائن,الميزانية
            1212483-امير بو مدين,الزبائن,الميزانية
            1212484-ام عبد اللطيف,الزبائن,الميزانية
            1212485-ام عبد العزيز1,الزبائن,الميزانية
            1212486-ايثار البدوي,الزبائن,الميزانية
            1212487-ريم الخلوف,الزبائن,الميزانية
            1212488-طلال مصمص,الزبائن,الميزانية
            1212489-ايمان الاحمر,الزبائن,الميزانية
            121249-صالحة الخطيب,الزبائن,الميزانية
            1212490-سالي كامل,الزبائن,الميزانية
            1212491-حنين ابريق,الزبائن,الميزانية
            1212492-معتصم حطاب,الزبائن,الميزانية
            1212493-ريتاج احمد,الزبائن,الميزانية
            1212494-طارق كوانيني,الزبائن,الميزانية
            1212495-حسام صالح,الزبائن,الميزانية
            1212496-ليلي علي,الزبائن,الميزانية
            1212497-انس حجازي,الزبائن,الميزانية
            1212498-ليث الشامي,الزبائن,الميزانية
            1212499-احمد المغربي,الزبائن,الميزانية
            12125-وليد الحبشي,الزبائن,الميزانية
            121250-غنا عودة,الزبائن,الميزانية
            1212500-ابراهيم العيسى,الزبائن,الميزانية
            1212501-اسيا بدران,الزبائن,الميزانية
            1212502-صفا الغبرة,الزبائن,الميزانية
            1212503-مريم القاسم,الزبائن,الميزانية
            1212504-مهدي دعبول,الزبائن,الميزانية
            1212505-لؤي مصطفى,الزبائن,الميزانية
            1212506-هالة بلبل,الزبائن,الميزانية
            1212507-تقى جاموس,الزبائن,الميزانية
            1212508-منال قدورة,الزبائن,الميزانية
            1212509-ايهاب بالوش,الزبائن,الميزانية
            121251-ماسة عدس,الزبائن,الميزانية
            1212510-ايهم حمزه,الزبائن,الميزانية
            1212511-مؤمون نابلسي,الزبائن,الميزانية
            1212512-سدرة عبلا 075,الزبائن,الميزانية
            1212513-يوسف خنجر,الزبائن,الميزانية
            1212514-مختار كريز,الزبائن,الميزانية
            1212515-معا شاهين,الزبائن,الميزانية
            1212516-ليمار سنجاب,الزبائن,الميزانية
            1212517-احمد عاشور,الزبائن,الميزانية
            1212518-عمر شلة,الزبائن,الميزانية
            1212519-اية برتاوي,الزبائن,الميزانية
            121252-براءة خلو,الزبائن,الميزانية
            1212520-علي عبدو,الزبائن,الميزانية
            1212521-عامر برغلية,الزبائن,الميزانية
            1212522-بيلسان صالح,الزبائن,الميزانية
            1212524-رغد العبدالرحيم,الزبائن,الميزانية
            1212525-عبدالله الشمري,الزبائن,الميزانية
            1212526-رغد عبدالرحيم,الزبائن,الميزانية
            1212527-لمى الصعيو,الزبائن,الميزانية
            1212528-رنيم العواد,الزبائن,الميزانية
            1212529-راما شاهين,الزبائن,الميزانية
            121253-ميمونة سلعس,الزبائن,الميزانية
            1212530-عبدالرحمن منيني,الزبائن,الميزانية
            1212531-عبدالله الحجازي,الزبائن,الميزانية
            1212532-اسماء الطحان,الزبائن,الميزانية
            1212533-يمان السحلي 58,الزبائن,الميزانية
            1212534-مروة خرسة,الزبائن,الميزانية
            1212535-بيان دلب,الزبائن,الميزانية
            1212536-احمد محمد المصطفى,الزبائن,الميزانية
            1212537-رائد صالح,الزبائن,الميزانية
            1212538-معتصم زعتر,الزبائن,الميزانية
            1212539-مالك جاموس,الزبائن,الميزانية
            121254-جنى السمان,الزبائن,الميزانية
            1212540-راتب عثمان,الزبائن,الميزانية
            1212541-ايمن السوادي,الزبائن,الميزانية
            1212542-ابواياد,الزبائن,الميزانية
            1212543-شريان حماد,الزبائن,الميزانية
            1212544-شهد حسن,الزبائن,الميزانية
            1212545-ريم بيازيد,الزبائن,الميزانية
            1212546-نور برمو 757,الزبائن,الميزانية
            1212547-روان الطحان,الزبائن,الميزانية
            1212548-عبدالله الحليبي,الزبائن,الميزانية
            1212549-جنى الرفاعي,الزبائن,الميزانية
            121255-دعاء حبش,الزبائن,الميزانية
            1212550-ربيعة سلامة,الزبائن,الميزانية
            1212551-زين الموصلي,الزبائن,الميزانية
            1212552-خليل ابراهيم,الزبائن,الميزانية
            1212554-نور عرنوص,الزبائن,الميزانية
            1212555-رماس غبرة,الزبائن,الميزانية
            1212556-محمد الموالدي,الزبائن,الميزانية
            1212557-وسيم الحبشي,الزبائن,الميزانية
            1212558-ابراهيم الطحان,الزبائن,الميزانية
            1212559-عبدالله الاحمر,الزبائن,الميزانية
            121256-شام المغربي,الزبائن,الميزانية
            1212560-تغريد الحوراني,الزبائن,الميزانية
            1212561-مهند ابو حسن,الزبائن,الميزانية
            1212562-زين جاموس,الزبائن,الميزانية
            1212563-دانة زينة,الزبائن,الميزانية
            1212564-انس محمود,الزبائن,الميزانية
            1212565-لمى طالب,الزبائن,الميزانية
            1212566-عبدالله الدمشقي,الزبائن,الميزانية
            1212567-اية عصفور,الزبائن,الميزانية
            1212568-عولا صالح,الزبائن,الميزانية
            1212569-سند الرفاعي,الزبائن,الميزانية
            121257-ريم ميرو,الزبائن,الميزانية
            1212570-علياء السوادي,الزبائن,الميزانية
            1212571-الاء حجازي,الزبائن,الميزانية
            1212572-اريام مسعود,الزبائن,الميزانية
            1212573-بيان الشلبي,الزبائن,الميزانية
            1212574-صفد عوض,الزبائن,الميزانية
            1212575-سماح حسين,الزبائن,الميزانية
            1212576-ماسا بنوت,الزبائن,الميزانية
            1212577-فارس عثمان,الزبائن,الميزانية
            1212578-سيدرة خليفى,الزبائن,الميزانية
            1212579-مراجان عصفور,الزبائن,الميزانية
            121258-نازك خزمة,الزبائن,الميزانية
            1212580-الاء الطويل,الزبائن,الميزانية
            1212581-سوزان صالح,الزبائن,الميزانية
            1212582-محمد الغالي,الزبائن,الميزانية
            1212583-شهد عبد,الزبائن,الميزانية
            1212584-حمزة ناصر,الزبائن,الميزانية
            1212585-محمد قديح,الزبائن,الميزانية
            1212586-سارة عبيد,الزبائن,الميزانية
            1212587-ربا عاشور,الزبائن,الميزانية
            1212588-لؤي تقلس,الزبائن,الميزانية
            1212589-حسام الجبلي,الزبائن,الميزانية
            121259-رند برغلة,الزبائن,الميزانية
            1212590-رغد الشوم,الزبائن,الميزانية
            1212591-ديانا مرسي,الزبائن,الميزانية
            1212592-سيدرة الشاوش,الزبائن,الميزانية
            1212593-عبدالطيف قاسم,الزبائن,الميزانية
            1212594-هبه مزروع,الزبائن,الميزانية
            1212595-هيدل قاسم,الزبائن,الميزانية
            1212596-آية حسين,الزبائن,الميزانية
            1212597-عمر شاهين,الزبائن,الميزانية
            1212598-مجد مرعي,الزبائن,الميزانية
            1212599-حميدة برغل,الزبائن,الميزانية
            12126-هديل,الزبائن,الميزانية
            121260-علاء الاطرش,الزبائن,الميزانية
            1212600-محمد زريق,الزبائن,الميزانية
            1212601-يمان الحموي,الزبائن,الميزانية
            1212602-ريما خليفة,الزبائن,الميزانية
            1212603-مالك الرفاعي,الزبائن,الميزانية
            1212604-جودي الحبشي,الزبائن,الميزانية
            1212605-محمد ابوبكر,الزبائن,الميزانية
            1212606-اسراء بريغش,الزبائن,الميزانية
            1212607-لجن عجمي,الزبائن,الميزانية
            1212608-يوسف الشامي,الزبائن,الميزانية
            1212609-البراء هواري,الزبائن,الميزانية
            121261-محمد مصعب,الزبائن,الميزانية
            1212610-هدى الرفاعي,الزبائن,الميزانية
            1212611-سليمان العباس,الزبائن,الميزانية
            1212612-عبد الطيف ميرو,الزبائن,الميزانية
            1212613-غيث الحبال,الزبائن,الميزانية
            1212614-ايمان عابده,الزبائن,الميزانية
            1212615-ماهر خريبه,الزبائن,الميزانية
            1212616-غصون جاموس,الزبائن,الميزانية
            1212617-سارة البدوي,الزبائن,الميزانية
            1212618-راما ماهر,الزبائن,الميزانية
            1212619-علي الحنش,الزبائن,الميزانية
            121262-رهف غضبان,الزبائن,الميزانية
            1212620-غزل ناجي,الزبائن,الميزانية
            1212621-حنين السكري,الزبائن,الميزانية
            1212622-سدرة حماد,الزبائن,الميزانية
            1212623-اديبة جاموس,الزبائن,الميزانية
            1212624-احمد خلف,الزبائن,الميزانية
            1212625-نور عصفور,الزبائن,الميزانية
            1212626-محمد الاحمر618,الزبائن,الميزانية
            1212627-يمنى محيسن,الزبائن,الميزانية
            1212628-ماسة بنوت,الزبائن,الميزانية
            1212629-امنيه الهندي,الزبائن,الميزانية
            121263-شهد ابو عياش,الزبائن,الميزانية
            1212630-تقى الاحمر,الزبائن,الميزانية
            1212631-تسنيم موسى,الزبائن,الميزانية
            1212633-نصر نصر,الزبائن,الميزانية
            1212634-لينا مارديني,الزبائن,الميزانية
            1212635-رغد الغبرة,الزبائن,الميزانية
            1212636-شهد واعظ,الزبائن,الميزانية
            1212637-رهف نسب,الزبائن,الميزانية
            1212638-تولاي عفا,الزبائن,الميزانية
            1212639-ندى بلش,الزبائن,الميزانية
            121264-لبابة فرج,الزبائن,الميزانية
            1212640-محمد شاهر,الزبائن,الميزانية
            1212641-رونيت طالب,الزبائن,الميزانية
            1212642-ملاك البطي,الزبائن,الميزانية
            1212643-اسامة جاموس,الزبائن,الميزانية
            1212644-جعفر شلبي,الزبائن,الميزانية
            1212645-راما نعمان,الزبائن,الميزانية
            1212646-نورس ضميري,الزبائن,الميزانية
            1212647-عروه الباشه,الزبائن,الميزانية
            1212648-ناريمان الدبس,الزبائن,الميزانية
            1212649-رشا سميطة,الزبائن,الميزانية
            121265-محمد معتوق,الزبائن,الميزانية
            1212650-اميمة ابو حمرة,الزبائن,الميزانية
            1212652-احمد السالم,الزبائن,الميزانية
            1212653-جنى الحجازي,الزبائن,الميزانية
            1212654-خالد الخليل,الزبائن,الميزانية
            1212655-نور حسكي,الزبائن,الميزانية
            1212656-خديجة 1,الزبائن,الميزانية
            1212657-يزين اومري,الزبائن,الميزانية
            1212658-عيث الرفاعي,الزبائن,الميزانية
            1212659-مازن خالد,الزبائن,الميزانية
            121266-ابو المجد,الزبائن,الميزانية
            1212660-رهف هادي,الزبائن,الميزانية
            1212661-طيف المحمد,الزبائن,الميزانية
            1212662-رغد نمورة,الزبائن,الميزانية
            1212663-عبداللطيف سلعس,الزبائن,الميزانية
            1212664-المى الزرع,الزبائن,الميزانية
            1212665-ملك نجمه,الزبائن,الميزانية
            1212666-مانيه ابو نقطة,الزبائن,الميزانية
            1212668-زياد عبيد,الزبائن,الميزانية
            1212669-روان عاشور,الزبائن,الميزانية
            121267-هديل الرفاعي,الزبائن,الميزانية
            1212670-غزل الدبس,الزبائن,الميزانية
            1212671-جود هلال,الزبائن,الميزانية
            1212672-لين مزروع,الزبائن,الميزانية
            1212673-غفران السبا,الزبائن,الميزانية
            1212674-احمد الشيخ احمد,الزبائن,الميزانية
            1212675-بلال الافندي,الزبائن,الميزانية
            1212676-سيدرا خليفة,الزبائن,الميزانية
            1212677-عرين القساس,الزبائن,الميزانية
            1212678-وسيم منير,الزبائن,الميزانية
            1212679-عيث حامدة,الزبائن,الميزانية
            1212680-لجن الرفاعي,الزبائن,الميزانية
            1212681-محمد ليان,الزبائن,الميزانية
            1212682-ربى الشلبي,الزبائن,الميزانية
            1212683-سدرا الغبرة,الزبائن,الميزانية
            1212684-سلسبيل علي,الزبائن,الميزانية
            1212685-ايمان بيطار,الزبائن,الميزانية
            1212687-منال كريمة,الزبائن,الميزانية
            1212688-انس العلي,الزبائن,الميزانية
            1212689-بدر العبد,الزبائن,الميزانية
            121269-ايمن بركات,الزبائن,الميزانية
            1212690-فرح عرنوس,الزبائن,الميزانية
            1212691-جود خليفة,الزبائن,الميزانية
            1212692-عبد الملك السيف,الزبائن,الميزانية
            1212693-محمد محيسن,الزبائن,الميزانية
            1212694-ميادة اسعيد,الزبائن,الميزانية
            1212695-رنيم يوسف,الزبائن,الميزانية
            1212696-عبدالرحمن الرفاعي,الزبائن,الميزانية
            1212697-مرح حبشي 613,الزبائن,الميزانية
            1212698-مريم سكري,الزبائن,الميزانية
            1212699-عبدالرحمن الحبشي 91,الزبائن,الميزانية
            12127-شهد,الزبائن,الميزانية
            121270-هارون السمان,الزبائن,الميزانية
            1212700-يمان العلي,الزبائن,الميزانية
            1212701-براء ابوقبع,الزبائن,الميزانية
            1212702-بيان سلمى,الزبائن,الميزانية
            1212703-منير زهر,الزبائن,الميزانية
            1212704-حسن حبش 993,الزبائن,الميزانية
            1212705-فؤاد ابراهيم,الزبائن,الميزانية
            1212706-معاذ الهندي,الزبائن,الميزانية
            1212707-حنان سمر,الزبائن,الميزانية
            1212708-محمد عثمان093,الزبائن,الميزانية
            1212709-محمد نحاس,الزبائن,الميزانية
            121271-مهند خلوف,الزبائن,الميزانية
            1212710-محمد امين,الزبائن,الميزانية
            1212711-خالد سلامة,الزبائن,الميزانية
            1212712-عبد الناصر برغلة,الزبائن,الميزانية
            1212713-عروة الاحمر,الزبائن,الميزانية
            1212714-احمد عرفة,الزبائن,الميزانية
            1212715-محمد جحى,الزبائن,الميزانية
            1212716-عمر الهندي,الزبائن,الميزانية
            1212717-حميد حجازي,الزبائن,الميزانية
            1212718-جواد فرج,الزبائن,الميزانية
            1212719-عبدالحفيظ الغضبان,الزبائن,الميزانية
            121272-ابراهيم البطحيش,الزبائن,الميزانية
            1212720-احمد جحا,الزبائن,الميزانية
            1212721-ليان منير,الزبائن,الميزانية
            1212722-امينة لي,الزبائن,الميزانية
            1212723-ريمان موالدي,الزبائن,الميزانية
            1212724-ماسى بنوت,الزبائن,الميزانية
            1212725-تقى الشلبي,الزبائن,الميزانية
            1212726-عبدالسلام الباشة,الزبائن,الميزانية
            1212727-محمد زريق 235,الزبائن,الميزانية
            1212728-سيدره خليفة,الزبائن,الميزانية
            1212729-رحيق فرج,الزبائن,الميزانية
            121273-عدنان لولو,الزبائن,الميزانية
            1212730-عبدالرحمن بشير,الزبائن,الميزانية
            1212731-خالد الحجازي,الزبائن,الميزانية
            1212732-ميسون الاحمر,الزبائن,الميزانية
            1212733-حسام عبيد,الزبائن,الميزانية
            1212734-شهد شفوني,الزبائن,الميزانية
            1212735-افان بشير,الزبائن,الميزانية
            1212736-رند بكر,الزبائن,الميزانية
            1212737-افنان حبش,الزبائن,الميزانية
            1212738-امجد سقا,الزبائن,الميزانية
            1212739-علي العيد,الزبائن,الميزانية
            121274-جهاد طارق قرقور,الزبائن,الميزانية
            1212740-ام طلال,الزبائن,الميزانية
            1212741-البراء مصطفى,الزبائن,الميزانية
            1212742-عبد الله كنان,الزبائن,الميزانية
            1212743-محمد سميطه,الزبائن,الميزانية
            1212744-تيم عرنوس,الزبائن,الميزانية
            1212745-وصال خالد,الزبائن,الميزانية
            1212746-عمران تمنية,الزبائن,الميزانية
            1212747-عبدالله المحاميدي,الزبائن,الميزانية
            1212748-مؤيد بيضاة,الزبائن,الميزانية
            1212749-عيث ابوحسن,الزبائن,الميزانية
            121275-محمود الاغبر,الزبائن,الميزانية
            1212750-عبدالله حميدي,الزبائن,الميزانية
            1212751-اسامة الحسين,الزبائن,الميزانية
            1212752-كرم شرتوح,الزبائن,الميزانية
            1212753-سندس ياسمينة,الزبائن,الميزانية
            1212754-محمد العرنوس,الزبائن,الميزانية
            1212755-فاطمة ايوب العبدالله,الزبائن,الميزانية
            1212756-دانيا الحسن,الزبائن,الميزانية
            1212757-نغم الراس,الزبائن,الميزانية
            1212758-ريان شرف,الزبائن,الميزانية
            1212759-عبدالله حجازي 843,الزبائن,الميزانية
            121276-جلال زينيه,الزبائن,الميزانية
            1212760-غنى الابابيتي,الزبائن,الميزانية
            1212761-عبدالرحمن كنيني,الزبائن,الميزانية
            1212762-معن الزين,الزبائن,الميزانية
            1212763-لجين الخطيب,الزبائن,الميزانية
            1212764-رجاء الرفاعي,الزبائن,الميزانية
            1212765-تسنيم دقة,الزبائن,الميزانية
            1212766-ايهاب جمعة 303,الزبائن,الميزانية
            1212767-حازم جاموس,الزبائن,الميزانية
            1212768-انوار الريس,الزبائن,الميزانية
            1212769-جيسكا الاحمر,الزبائن,الميزانية
            121277-شهد عرنوس,الزبائن,الميزانية
            1212770-روان السمان,الزبائن,الميزانية
            1212771-هاني اللحام,الزبائن,الميزانية
            1212772-جودي الظاهر,الزبائن,الميزانية
            1212773-مريم بهاء الدين,الزبائن,الميزانية
            1212774-عبادة قرقور,الزبائن,الميزانية
            1212775-سندس قدورة,الزبائن,الميزانية
            1212776-ربيع الاحمر,الزبائن,الميزانية
            1212777-ايمان السعدي,الزبائن,الميزانية
            1212778-عبدالله الحبش,الزبائن,الميزانية
            1212779-ثائر محمد خير,الزبائن,الميزانية
            121278-علياء طالب,الزبائن,الميزانية
            1212780-ياسر سليك,الزبائن,الميزانية
            1212781-سنا الرفاعي,الزبائن,الميزانية
            1212782-يمن العلي,الزبائن,الميزانية
            1212783-باسم طالب,الزبائن,الميزانية
            1212784-براءة ياسين,الزبائن,الميزانية
            1212785-ريما جاموس,الزبائن,الميزانية
            1212786-غسق شيحة,الزبائن,الميزانية
            1212787-احمد خرسة,الزبائن,الميزانية
            1212788-محمد عابدي,الزبائن,الميزانية
            1212789-عبدالناصر,الزبائن,الميزانية
            121279-جمان جاموس,الزبائن,الميزانية
            1212790-غيث بو حسن,الزبائن,الميزانية
            1212791-ابتسام طالب,الزبائن,الميزانية
            1212792-سعاد المصري,الزبائن,الميزانية
            1212793-مهند الرفاعي,الزبائن,الميزانية
            1212794-مهاب الرانس,الزبائن,الميزانية
            1212795-ربيع ابو قبع,الزبائن,الميزانية
            1212796-منار العاري,الزبائن,الميزانية
            1212797-جميلة الباشا,الزبائن,الميزانية
            1212798-ليلاس حوا,الزبائن,الميزانية
            1212799-مايا حمادية,الزبائن,الميزانية
            12128-شمس,الزبائن,الميزانية
            121280-اسراء الكيلاني,الزبائن,الميزانية
            1212800-خليل الكردي,الزبائن,الميزانية
            1212801-عطاء الزين,الزبائن,الميزانية
            1212802-ياسر ناصر سلعس,الزبائن,الميزانية
            1212803-رامي بوحسن,الزبائن,الميزانية
            1212804-هاجر اووش,الزبائن,الميزانية
            1212805-عبد الله عفا الرفاعي,الزبائن,الميزانية
            1212806-رايد عثمان,الزبائن,الميزانية
            1212807-لؤي سواقية,الزبائن,الميزانية
            1212808-محمد مرعي,الزبائن,الميزانية
            1212809-محمد ابو احمد,الزبائن,الميزانية
            121281-عمر برغله,الزبائن,الميزانية
            1212810-ليندا السيد,الزبائن,الميزانية
            1212811-رغد اسعد,الزبائن,الميزانية
            1212812-اروى جمال,الزبائن,الميزانية
            1212813-جودي زينب,الزبائن,الميزانية
            1212814-رغد الدسوقي,الزبائن,الميزانية
            1212815-بلال صداقي,الزبائن,الميزانية
            1212816-رؤى مشتى,الزبائن,الميزانية
            1212817-لما الحمصي,الزبائن,الميزانية
            1212818-جهاد خليل الاطرش,الزبائن,الميزانية
            1212819-كريم سليمان بو بكر,الزبائن,الميزانية
            121282-هاله المظلوم,الزبائن,الميزانية
            1212820-شبلي الشيخ,الزبائن,الميزانية
            1212821-خالد الاغا,الزبائن,الميزانية
            1212822-يمان الشلبي,الزبائن,الميزانية
            1212823-احمد عبد الغني,الزبائن,الميزانية
            1212824-ريم علاء,الزبائن,الميزانية
            1212825-تالة فياض,الزبائن,الميزانية
            1212826-لميس ابو حسن,الزبائن,الميزانية
            1212827-سندس عابدة,الزبائن,الميزانية
            1212828-نسيم غزال,الزبائن,الميزانية
            1212829-دانا خليل,الزبائن,الميزانية
            121283-سلوى عرنوس,الزبائن,الميزانية
            1212830-احمد شحادة,الزبائن,الميزانية
            1212831-نايا الجازي,الزبائن,الميزانية
            1212832-مريم شحادة,الزبائن,الميزانية
            1212833-براءة خليفة,الزبائن,الميزانية
            1212834-ضحى كنيساو,الزبائن,الميزانية
            1212835-يامن رطلة,الزبائن,الميزانية
            1212836-محمد اسمط محمد,الزبائن,الميزانية
            1212837-عبد الروؤف,الزبائن,الميزانية
            1212838-حلا خضر,الزبائن,الميزانية
            1212839-شوق البصلية,الزبائن,الميزانية
            121284-غنى جاموس,الزبائن,الميزانية
            1212840-عمر سمور,الزبائن,الميزانية
            1212841-مازن الاحمر,الزبائن,الميزانية
            1212842-شهد نعمان,الزبائن,الميزانية
            1212843-محمد جمعة 463,الزبائن,الميزانية
            1212844-عمرو سمور,الزبائن,الميزانية
            1212845-عمار جاموس 774,الزبائن,الميزانية
            1212846-محمد شريفة,الزبائن,الميزانية
            1212847-نور ال نعيم,الزبائن,الميزانية
            1212848-مصطفى السوادي,الزبائن,الميزانية
            1212849-احمد دعبول,الزبائن,الميزانية
            121285-سلاف لبرزاوي,الزبائن,الميزانية
            1212850-حازم عبلا,الزبائن,الميزانية
            1212851-محمد حسون,الزبائن,الميزانية
            1212852-حمزة سنجاب,الزبائن,الميزانية
            1212853-دانة الخطيب,الزبائن,الميزانية
            1212854-ام جلال,الزبائن,الميزانية
            1212855-ريم مرعي,الزبائن,الميزانية
            1212856-روضة سنجاب,الزبائن,الميزانية
            1212857-رزان دخان,الزبائن,الميزانية
            1212858-جنى مراد,الزبائن,الميزانية
            1212859-غزال ناجي,الزبائن,الميزانية
            121286-جاد الخطاب,الزبائن,الميزانية
            1212860-محمد ابوحسن,الزبائن,الميزانية
            1212861-رنا نضر,الزبائن,الميزانية
            1212862-ملاذ محمد,الزبائن,الميزانية
            1212863-اسلام ابو حسن,الزبائن,الميزانية
            1212864-محمد الزريق,الزبائن,الميزانية
            1212865-انس البني,الزبائن,الميزانية
            1212866-رهف عبدالعزيز,الزبائن,الميزانية
            1212867-بيان الطحان 235,الزبائن,الميزانية
            1212868-زينة معرباني,الزبائن,الميزانية
            1212869-يوسف الحبشي 606,الزبائن,الميزانية
            121287-عدي حافظ,الزبائن,الميزانية
            1212870-سارية احمد,الزبائن,الميزانية
            1212871-هاجر غويش,الزبائن,الميزانية
            1212872-حسام خليفة,الزبائن,الميزانية
            1212873-امنة الاحمر,الزبائن,الميزانية
            1212874-احمد سواح,الزبائن,الميزانية
            1212875-لين محمد,الزبائن,الميزانية
            1212876-رشا صالحاني,الزبائن,الميزانية
            1212877-ماريا البين,الزبائن,الميزانية
            1212878-طارق السوادي,الزبائن,الميزانية
            1212879-مازن عثمان,الزبائن,الميزانية
            121288-شام معتوق,الزبائن,الميزانية
            1212880-ابراهيم الابراهيم,الزبائن,الميزانية
            1212881-امنة فروة,الزبائن,الميزانية
            1212882-سيدرة الاحمر011,الزبائن,الميزانية
            1212883-تسنيم جاموس,الزبائن,الميزانية
            1212884-عبدالرحمن الناصير,الزبائن,الميزانية
            1212885-بثينة رجب,الزبائن,الميزانية
            1212886-ماريا الحبشي,الزبائن,الميزانية
            1212887-محمد الغبرة,الزبائن,الميزانية
            1212888-بسمة معلولي,الزبائن,الميزانية
            1212889-دانا عربي,الزبائن,الميزانية
            121289-سلام ناصر,الزبائن,الميزانية
            1212890-رؤى الهندي,الزبائن,الميزانية
            1212891-ربى بو حسن,الزبائن,الميزانية
            1212892-راوية الكيلاني,الزبائن,الميزانية
            1212893-رضا الرفاعي,الزبائن,الميزانية
            1212894-ابو اسيد,الزبائن,الميزانية
            1212895-كوثر قدور,الزبائن,الميزانية
            1212896-سنا رنكوسي,الزبائن,الميزانية
            1212897-احمد كردي 564,الزبائن,الميزانية
            1212898-لؤي عبدالرزاق,الزبائن,الميزانية
            1212899-طلال دعمش,الزبائن,الميزانية
            12129-روان,الزبائن,الميزانية
            121290-نور سلامة,الزبائن,الميزانية
            1212900-بتول ابو ظاهر,الزبائن,الميزانية
            1212901-كاتيا البين,الزبائن,الميزانية
            1212902-غنى ابو شاهي,الزبائن,الميزانية
            1212903-ارام الحميد,الزبائن,الميزانية
            1212904-هبة حجازي,الزبائن,الميزانية
            1212905-حسام حجازي,الزبائن,الميزانية
            1212906-اية ملة,الزبائن,الميزانية
            1212907-فراس المظلوم,الزبائن,الميزانية
            1212908-فاطمة الشلبي,الزبائن,الميزانية
            1212909-غزل سنجاب,الزبائن,الميزانية
            121291-ميمنة جندل,الزبائن,الميزانية
            1212910-ليان الخطيب,الزبائن,الميزانية
            1212911-بسمة طريش,الزبائن,الميزانية
            1212912-مريم ابراهيم,الزبائن,الميزانية
            1212913-رباب الميسر,الزبائن,الميزانية
            1212914-سمر عابدة,الزبائن,الميزانية
            1212915-فوائد ابراهيم,الزبائن,الميزانية
            1212916-جمال خالد,الزبائن,الميزانية
            1212917-ايهم الاحمر 437,الزبائن,الميزانية
            1212918-راما بيروتي,الزبائن,الميزانية
            1212919-عبد السلام عبد الكريم,الزبائن,الميزانية
            121292-فاتنة عبد ربو,الزبائن,الميزانية
            1212920-عبد العزيز المهنى,الزبائن,الميزانية
            1212921-سمير الباشة,الزبائن,الميزانية
            1212922-عيرن القصاص,الزبائن,الميزانية
            1212923-ريماس دنان,الزبائن,الميزانية
            1212924-حلا غريب,الزبائن,الميزانية
            1212925-ديانا ملسي,الزبائن,الميزانية
            1212926-تقى برمه,الزبائن,الميزانية
            1212927-حنين نجمة,الزبائن,الميزانية
            1212928-معن محمد,الزبائن,الميزانية
            1212929-غفران السبع,الزبائن,الميزانية
            121293-ميار جاموس,الزبائن,الميزانية
            1212930-احمد السوادي 268,الزبائن,الميزانية
            1212931-اياد سكيف,الزبائن,الميزانية
            1212932-تهاني كلثم,الزبائن,الميزانية
            1212933-هند السوادي,الزبائن,الميزانية
            1212934-ميسم ماهر,الزبائن,الميزانية
            1212935-صفا شربط,الزبائن,الميزانية
            1212936-حلا الخطيب,الزبائن,الميزانية
            1212937-منير جمعة,الزبائن,الميزانية
            1212938-دلفري البراق,الزبائن,الميزانية
            1212939-كمال بلبل,الزبائن,الميزانية
            121294-ام عمر,الزبائن,الميزانية
            1212940-امجد شحادة,الزبائن,الميزانية
            1212941-ريم البيروتي,الزبائن,الميزانية
            1212942-يوسف الحبشي 90,الزبائن,الميزانية
            1212943-سنا الاحمر,الزبائن,الميزانية
            1212944-شام السلامة,الزبائن,الميزانية
            1212945-عرين القصاص,الزبائن,الميزانية
            1212946-جنان عزيزه,الزبائن,الميزانية
            1212947-فيروزه ميسر,الزبائن,الميزانية
            1212948-نور شلبي,الزبائن,الميزانية
            1212949-احمد سلعس,الزبائن,الميزانية
            121295-علي سوسن,الزبائن,الميزانية
            1212950-تبول ابوضاهر,الزبائن,الميزانية
            1212951-حمزة صالح,الزبائن,الميزانية
            1212952-عبدالرحيم الهندي,الزبائن,الميزانية
            1212953-فاديا الصايد,الزبائن,الميزانية
            1212954-محمد حجو,الزبائن,الميزانية
            1212955-بدر اسماعيل,الزبائن,الميزانية
            1212956-تسنيم الحصوة,الزبائن,الميزانية
            1212957-شمس عودة,الزبائن,الميزانية
            1212958-ملاذ السحلي,الزبائن,الميزانية
            1212959-لين الغاوي,الزبائن,الميزانية
            121296-الاء الاغا,الزبائن,الميزانية
            1212960-خليل ضاهر,الزبائن,الميزانية
            1212962-عبدالملك الخطاب 009,الزبائن,الميزانية
            1212963-عيد رفاعية,الزبائن,الميزانية
            1212966-يوسف جاموس,الزبائن,الميزانية
            1212967-عايشة موسى,الزبائن,الميزانية
            1212968-محمد سلامة123,الزبائن,الميزانية
            1212969-افنان الحتاوي,الزبائن,الميزانية
            1212970-شهد التبس,الزبائن,الميزانية
            1212971-مريم حجازي,الزبائن,الميزانية
            1212972-بلال ساعور,الزبائن,الميزانية
            1212973-عبيدة حجازي,الزبائن,الميزانية
            1212974-محمد خليل,الزبائن,الميزانية
            1212975-حنين الشلبي,الزبائن,الميزانية
            1212976-كنان سكر,الزبائن,الميزانية
            1212977-ابو وسام,الزبائن,الميزانية
            1212978-بشرى هلال,الزبائن,الميزانية
            1212979-ميسم الرفاعي,الزبائن,الميزانية
            121298-بندر عرنوس,الزبائن,الميزانية
            1212980-ريم بكور,الزبائن,الميزانية
            1212981-بتول ابوضاهر,الزبائن,الميزانية
            1212982-ام وليد,الزبائن,الميزانية
            1212983-وليد بيان,الزبائن,الميزانية
            1212984-ميسا الرفاعي,الزبائن,الميزانية
            1212985-حبيب ابوقبع,الزبائن,الميزانية
            1212986-عامر عامر,الزبائن,الميزانية
            1212987-محمود الورد,الزبائن,الميزانية
            1212988-حسن مرعي,الزبائن,الميزانية
            1212989-اسعد ابو ضاهر,الزبائن,الميزانية
            121299-نور الهدى 934,الزبائن,الميزانية
            1212990-افنتن سامر,الزبائن,الميزانية
            1212991-تغريد خرسة,الزبائن,الميزانية
            1212992-نور الهدى الخطيب,الزبائن,الميزانية
            1212993-عمر مراد,الزبائن,الميزانية
            1212994-عبدالله بلبل,الزبائن,الميزانية
            1212995-احمد الجوجو,الزبائن,الميزانية
            1212996-عبدالرحمن الدوس,الزبائن,الميزانية
            1212997-محمد الشعار 096,الزبائن,الميزانية
            1212998-نهى سليمان,الزبائن,الميزانية
            1212999-سارة بريغيش,الزبائن,الميزانية
            1213-محمد الرفاعي,الزبائن,الميزانية
            12130-سعيد,الزبائن,الميزانية
            121300-استبرق جاموس,الزبائن,الميزانية
            1213000-عزام السوادي,الزبائن,الميزانية
            1213001-فاطمة ناصر,الزبائن,الميزانية
            1213002-ريناد عبدالله,الزبائن,الميزانية
            1213003-معاذ الخباز,الزبائن,الميزانية
            1213004-غزلان المرعي,الزبائن,الميزانية
            1213005-رؤى كريز,الزبائن,الميزانية
            1213006-غالية ناعسة,الزبائن,الميزانية
            1213007-ميسم ملحيس,الزبائن,الميزانية
            1213008-عبدالرحمن الشلبي,الزبائن,الميزانية
            1213009-ملك تلو,الزبائن,الميزانية
            121301-ابو بكر,الزبائن,الميزانية
            1213010-عدي غضبان,الزبائن,الميزانية
            1213011-ملاذ سكري,الزبائن,الميزانية
            1213012-فاطمة الميسر,الزبائن,الميزانية
            1213013-فارس الهيلم,الزبائن,الميزانية
            1213014-احمد 158,الزبائن,الميزانية
            1213015-فرج الفرج,الزبائن,الميزانية
            1213016-عبدالحفيظ الطحان,الزبائن,الميزانية
            1213017-اسراء سنجاب,الزبائن,الميزانية
            1213018-فاطمة العواد,الزبائن,الميزانية
            1213019-نادر الصمل,الزبائن,الميزانية
            121302-غيدا جميلة,الزبائن,الميزانية
            1213020-ابتسام السوادي,الزبائن,الميزانية
            1213021-ديمة سكر,الزبائن,الميزانية
            1213022-سيما حيبا,الزبائن,الميزانية
            1213023-شهد الشالط,الزبائن,الميزانية
            1213024-عبد السلام عرنوس,الزبائن,الميزانية
            1213025-ابرار دبور,الزبائن,الميزانية
            1213026-أمنة عرابي,الزبائن,الميزانية
            1213027-محمد قاسم,الزبائن,الميزانية
            1213028-رانية زينية,الزبائن,الميزانية
            1213029-زين خلوف,الزبائن,الميزانية
            121303-محمد مالك,الزبائن,الميزانية
            1213030-ام عبدالناصر,الزبائن,الميزانية
            1213031-تحسين طاشكين,الزبائن,الميزانية
            1213032-ريم حمادة,الزبائن,الميزانية
            1213033-صفاء عصفور,الزبائن,الميزانية
            1213034-عبيدة الغضبان,الزبائن,الميزانية
            1213035-ريان حبلاني,الزبائن,الميزانية
            1213036-سارة بشارة,الزبائن,الميزانية
            1213037-سديل المظلوم,الزبائن,الميزانية
            1213038-رهف عبدالله,الزبائن,الميزانية
            1213039-عبير الاجوة,الزبائن,الميزانية
            121304-محمد 606,الزبائن,الميزانية
            1213040-عبادة الشلبي,الزبائن,الميزانية
            1213041-سعيد الهماني,الزبائن,الميزانية
            1213042-رانيا طلب,الزبائن,الميزانية
            1213043-رهام ماهر,الزبائن,الميزانية
            1213044-أروى السوادي,الزبائن,الميزانية
            1213046-غازي كبريت,الزبائن,الميزانية
            1213047-ليليا ابوزيد,الزبائن,الميزانية
            1213048-مايا مازن,الزبائن,الميزانية
            1213049-بلال الشلبي,الزبائن,الميزانية
            121305-انس 583,الزبائن,الميزانية
            1213050-ابراهيم فرج,الزبائن,الميزانية
            1213051-سامر محيسن,الزبائن,الميزانية
            1213052-اسامة الاغبر,الزبائن,الميزانية
            1213053-حبيب الاحمر,الزبائن,الميزانية
            1213054-جينار معتوق,الزبائن,الميزانية
            1213055-منى برغلة,الزبائن,الميزانية
            1213056-اسراء الرفاعي,الزبائن,الميزانية
            1213057-حنين الرفاعي,الزبائن,الميزانية
            1213058-عفراء هلال,الزبائن,الميزانية
            1213059-عيسى سنجاب,الزبائن,الميزانية
            121306-روان طلب,الزبائن,الميزانية
            1213060-لمى ابو حسن885,الزبائن,الميزانية
            1213061-رغد بريغيش,الزبائن,الميزانية
            1213062-فاطمة عبدالحليم,الزبائن,الميزانية
            1213063-براءه اسماعيل,الزبائن,الميزانية
            1213064-ماسه النقيب,الزبائن,الميزانية
            1213065-عبدالله الباشة,الزبائن,الميزانية
            1213066-محمود حجازي,الزبائن,الميزانية
            1213067-فداء الغبرة,الزبائن,الميزانية
            1213068-دانا عرنوص,الزبائن,الميزانية
            1213069-ماهر الحسنسن,الزبائن,الميزانية
            121307-نغم البيطار,الزبائن,الميزانية
            1213070-غنى الخطيب,الزبائن,الميزانية
            1213071-سدرة غويش\,الزبائن,الميزانية
            1213072-يامن رطله,الزبائن,الميزانية
            1213073-علي كوجك,الزبائن,الميزانية
            1213074-مروان عباس,الزبائن,الميزانية
            1213076-عبدالله الغضبان,الزبائن,الميزانية
            1213077-عصمة ابوقبع,الزبائن,الميزانية
            1213078-احمد ابوحسن,الزبائن,الميزانية
            1213079-سهام سليمان,الزبائن,الميزانية
            121308-مرح زينية,الزبائن,الميزانية
            1213080-ابراهيم عمر,الزبائن,الميزانية
            1213081-ماريا مازن,الزبائن,الميزانية
            1213082-مصطفى ابو قبع,الزبائن,الميزانية
            1213083-شادن حمادة,الزبائن,الميزانية
            1213084-مراد زرقا,الزبائن,الميزانية
            1213085-مصطفى ابو حمزة,الزبائن,الميزانية
            1213086-كمال فرج,الزبائن,الميزانية
            1213087-مريم كوانيني,الزبائن,الميزانية
            1213088-قطر الندى 426,الزبائن,الميزانية
            1213089-ماسة دبس,الزبائن,الميزانية
            121309-رغد فرحات,الزبائن,الميزانية
            1213090-اميرة محيسن,الزبائن,الميزانية
            1213091-لمى الاحمر,الزبائن,الميزانية
            1213092-سيدرة خليفة 755,الزبائن,الميزانية
            1213093-حلا ابو زيد,الزبائن,الميزانية
            1213094-شام سعلول,الزبائن,الميزانية
            1213095-شهد الخطيب,الزبائن,الميزانية
            1213096-يسرى دردر,الزبائن,الميزانية
            1213097-عبير عنبرة,الزبائن,الميزانية
            1213099-اكرم الهندي,الزبائن,الميزانية
            12131-خالد البج,الزبائن,الميزانية
            121310-رهام الحبشي,الزبائن,الميزانية
            1213100-تسنيم الخولي,الزبائن,الميزانية
            1213101-صفى حسن,الزبائن,الميزانية
            1213102-لين ابو زيد,الزبائن,الميزانية
            1213103-اسيل خليفة,الزبائن,الميزانية
            1213104-عيث عباس,الزبائن,الميزانية
            1213105-حنين بريش,الزبائن,الميزانية
            1213106-سالي عبيد,الزبائن,الميزانية
            1213107-رهف ابوزيتون,الزبائن,الميزانية
            1213108-عبادة عرنوس,الزبائن,الميزانية
            1213109-روعه السنجاب,الزبائن,الميزانية
            121311-يمان السوادي,الزبائن,الميزانية
            1213110-بتول خليفة,الزبائن,الميزانية
            1213111-عبدالعزيز بطحيش,الزبائن,الميزانية
            1213112-ناصر الباشا,الزبائن,الميزانية
            1213113-سعد الحبشي,الزبائن,الميزانية
            1213114-مؤمون اديب,الزبائن,الميزانية
            1213115-اسامة ابوقش,الزبائن,الميزانية
            1213116-فهد غضبان,الزبائن,الميزانية
            1213117-هبة الزرع,الزبائن,الميزانية
            1213118-محمد مظلوم,الزبائن,الميزانية
            1213119-بشرى قدورة,الزبائن,الميزانية
            121312-زيد حجازي,الزبائن,الميزانية
            1213120-هانيا زينة,الزبائن,الميزانية
            1213121-ربيعة ابريق,الزبائن,الميزانية
            1213122-شام مرزا,الزبائن,الميزانية
            1213123-جمال منيني,الزبائن,الميزانية
            1213124-يوسف كنينة,الزبائن,الميزانية
            1213125-كوثر صالح,الزبائن,الميزانية
            1213126-فاطمة ياسمين,الزبائن,الميزانية
            1213127-سدرة بريغيش,الزبائن,الميزانية
            1213128-شام صالح,الزبائن,الميزانية
            1213129-سلام11,الزبائن,الميزانية
            121313-مودة صالح,الزبائن,الميزانية
            1213130-يحيى الرفاعي,الزبائن,الميزانية
            1213131-سارة عرب,الزبائن,الميزانية
            1213132-جنى دعمش,الزبائن,الميزانية
            1213133-طارق ابوزيد,الزبائن,الميزانية
            1213134-مروة محمد,الزبائن,الميزانية
            1213135-ترغيد صالح,الزبائن,الميزانية
            1213136-روان عثمان,الزبائن,الميزانية
            1213137-ايمان برغليه,الزبائن,الميزانية
            1213138-فيروز شيحا,الزبائن,الميزانية
            121314-لينا ابو حسن,الزبائن,الميزانية
            1213140-مودة طعمة 58,الزبائن,الميزانية
            1213141-شمس الحبشي,الزبائن,الميزانية
            1213142-فاطمة كنينة,الزبائن,الميزانية
            1213143-صفوان برغلية,الزبائن,الميزانية
            1213144-شهد الاحمر اا,الزبائن,الميزانية
            1213145-محمد الرفاعي 806,الزبائن,الميزانية
            1213146-محمد الحبشي,الزبائن,الميزانية
            1213147-عاصم زينة,الزبائن,الميزانية
            1213148-ريماس قصيص,الزبائن,الميزانية
            1213149-شهد حجازي,الزبائن,الميزانية
            121315-هاني حجازي,الزبائن,الميزانية
            1213150-عاصم الرفاعي,الزبائن,الميزانية
            1213151-مروه حافظ,الزبائن,الميزانية
            1213152-عبدالرحمن قسيمي,الزبائن,الميزانية
            1213153-حلا معمر الاحمر,الزبائن,الميزانية
            1213154-دنيا حمدان,الزبائن,الميزانية
            1213155-ايمان دلة,الزبائن,الميزانية
            1213156-جيهان الاحمر,الزبائن,الميزانية
            1213157-سارة ابو حسن,الزبائن,الميزانية
            1213158-نداء باطية,الزبائن,الميزانية
            1213159-عبدالملك الكردي,الزبائن,الميزانية
            121316-سارة سلامة,الزبائن,الميزانية
            1213160-العنود جاموس,الزبائن,الميزانية
            1213161-اليسار مصمص,الزبائن,الميزانية
            1213162-مؤمنة عودة,الزبائن,الميزانية
            1213163-ياسمين بيازيد,الزبائن,الميزانية
            1213164-مراد حمودة,الزبائن,الميزانية
            1213165-رفيق فكرت,الزبائن,الميزانية
            1213166-غنى سليمان,الزبائن,الميزانية
            1213167-شهدة عبيد,الزبائن,الميزانية
            1213168-لجين عفى الرفاعي,الزبائن,الميزانية
            1213169-مجدولين عبد الملك,الزبائن,الميزانية
            121317-هاجر الشعار,الزبائن,الميزانية
            1213170-بتول بوبل,الزبائن,الميزانية
            1213171-نور الشام,الزبائن,الميزانية
            1213172-ريم باكير,الزبائن,الميزانية
            1213173-نسرين الطحان,الزبائن,الميزانية
            1213174-رمامة منيني,الزبائن,الميزانية
            1213175-مريم عبدولي,الزبائن,الميزانية
            1213176-هبة حمزة,الزبائن,الميزانية
            1213177-ايلاف زينه,الزبائن,الميزانية
            1213178-ريم فرج,الزبائن,الميزانية
            1213179-رفيق طالب,الزبائن,الميزانية
            121318-حميد العبد,الزبائن,الميزانية
            1213180-تالا الرفاعي,الزبائن,الميزانية
            1213181-عبير عمثان,الزبائن,الميزانية
            1213182-تلاة الرفاعي,الزبائن,الميزانية
            1213183-عباللطيف سنجاب,الزبائن,الميزانية
            1213184-سارة يريغيش,الزبائن,الميزانية
            1213185-كنان دقة,الزبائن,الميزانية
            1213186-عاىشة برغلة,الزبائن,الميزانية
            1213187-بتول كوجك,الزبائن,الميزانية
            1213188-ابرار طعمة,الزبائن,الميزانية
            1213189-راون زين الدين,الزبائن,الميزانية
            121319-محمد طحينة,الزبائن,الميزانية
            1213190-عبدالرحمن قصيمي,الزبائن,الميزانية
            1213191-بتول السابق,الزبائن,الميزانية
            1213192-بيان حسين,الزبائن,الميزانية
            1213193-ايه ابو زيد,الزبائن,الميزانية
            1213194-بيسان قرقور,الزبائن,الميزانية
            1213195-يمان غبيش,الزبائن,الميزانية
            1213196-وجد مروان,الزبائن,الميزانية
            1213197-بيان بشارا,الزبائن,الميزانية
            1213198-مارية الكلاني,الزبائن,الميزانية
            1213199-ندى حجازي,الزبائن,الميزانية
            12132-عبدالرحمن الطحان,الزبائن,الميزانية
            121320-تالا المصري,الزبائن,الميزانية
            1213200-عبدالاله الاغبر,الزبائن,الميزانية
            1213201-دانيا درموش,الزبائن,الميزانية
            1213202-يسرى الرفاعي,الزبائن,الميزانية
            1213203-هانية معتوق,الزبائن,الميزانية
            1213204-مهند فرحات,الزبائن,الميزانية
            1213205-قدامة جاموس,الزبائن,الميزانية
            1213206-ابومحمد,الزبائن,الميزانية
            1213207-هاشم نواجعة,الزبائن,الميزانية
            1213208-معاذ بلبل,الزبائن,الميزانية
            1213209-وئام الخطيب,الزبائن,الميزانية
            121321-ابرار صالح,الزبائن,الميزانية
            1213210-معاذ درويش,الزبائن,الميزانية
            1213211-مصطفى حمداني,الزبائن,الميزانية
            1213212-جنى درموش,الزبائن,الميزانية
            1213213-ولاء البني,الزبائن,الميزانية
            1213214-غنى الطحان,الزبائن,الميزانية
            1213215-افنان بشير,الزبائن,الميزانية
            1213216-خديجة السوادي,الزبائن,الميزانية
            1213217-نور الغسان,الزبائن,الميزانية
            1213218-رهف محمد,الزبائن,الميزانية
            1213219-رهف محمود,الزبائن,الميزانية
            121322-يسان زيدان,الزبائن,الميزانية
            1213220-جاموس11,الزبائن,الميزانية
            1213221-سلمان بريغيش,الزبائن,الميزانية
            1213222-عمر جندل,الزبائن,الميزانية
            1213223-ناهد عامر الورد,الزبائن,الميزانية
            1213224-فراس الجبه جي,الزبائن,الميزانية
            1213225-عبدالكريم زبنة,الزبائن,الميزانية
            1213226-ايه محيسن,الزبائن,الميزانية
            1213227-منار نوران,الزبائن,الميزانية
            1213228-ايلاف التوت,الزبائن,الميزانية
            1213229-وفاء الشلبي,الزبائن,الميزانية
            121323-راسية كنعان,الزبائن,الميزانية
            1213230-ليمار الخطيب,الزبائن,الميزانية
            1213231-مي الاغبر,الزبائن,الميزانية
            1213232-كمال المئذن,الزبائن,الميزانية
            1213233-لورين قصيمي,الزبائن,الميزانية
            1213234-لورين قسيمي,الزبائن,الميزانية
            1213235-لمار عواد,الزبائن,الميزانية
            1213236-حلا بلبل,الزبائن,الميزانية
            1213237-ندا سنجاب,الزبائن,الميزانية
            1213238-عبدالرحمن عادلية,الزبائن,الميزانية
            1213239-سلام سنجاب,الزبائن,الميزانية
            121324-عبد ديب,الزبائن,الميزانية
            1213240-سارة صلاح,الزبائن,الميزانية
            1213241-مجدولين صبره,الزبائن,الميزانية
            1213242-انس زرقة,الزبائن,الميزانية
            1213243-انس طباجو,الزبائن,الميزانية
            1213244-محمد كريز,الزبائن,الميزانية
            1213245-عبدالرحمن الاحمد,الزبائن,الميزانية
            1213246-سامي الجاموس,الزبائن,الميزانية
            1213247-محمد الرفاعي 111,الزبائن,الميزانية
            1213248-منيب بوزيد,الزبائن,الميزانية
            1213249-سلوى جاموس,الزبائن,الميزانية
            121325-رشا,الزبائن,الميزانية
            1213250-هوازن خلوف,الزبائن,الميزانية
            1213251-حلا قسيس,الزبائن,الميزانية
            1213252-حلا غيرب,الزبائن,الميزانية
            1213253-شهد حجازب,الزبائن,الميزانية
            1213254-جولي الرفاعي,الزبائن,الميزانية
            1213255-هيا حمدون,الزبائن,الميزانية
            1213256-شهد الاحمر 764,الزبائن,الميزانية
            1213258-عبير عابدة,الزبائن,الميزانية
            1213259-اسامة صالح,الزبائن,الميزانية
            121326-ميس عرنوس,الزبائن,الميزانية
            1213260-زيد عصفور,الزبائن,الميزانية
            1213261-عماد الاحمد,الزبائن,الميزانية
            1213262-كندا السوادي,الزبائن,الميزانية
            1213263-عمار الهيبي,الزبائن,الميزانية
            1213264-محمد دخان,الزبائن,الميزانية
            1213265-عبدالرحمن عبدو,الزبائن,الميزانية
            1213266-منال الحوري,الزبائن,الميزانية
            1213267-سيدرة ابو قبع,الزبائن,الميزانية
            1213268-ابو معاوية,الزبائن,الميزانية
            1213269-عاصم كريز,الزبائن,الميزانية
            121327-جاد 8888,الزبائن,الميزانية
            1213270-منال العقاد,الزبائن,الميزانية
            1213271-رامو عثمان,الزبائن,الميزانية
            1213272-انس حيدور,الزبائن,الميزانية
            1213273-نور الدين صالح,الزبائن,الميزانية
            1213274-ام راشد شاكر,الزبائن,الميزانية
            1213275-يوسف سكري,الزبائن,الميزانية
            1213276-رؤى مشته,الزبائن,الميزانية
            1213277-كمال المؤذن,الزبائن,الميزانية
            1213278-مروة خلوف,الزبائن,الميزانية
            1213279-هدى سوسق,الزبائن,الميزانية
            121328-عدي عساف,الزبائن,الميزانية
            1213280-ريمان حرب,الزبائن,الميزانية
            1213281-عبدالرحمن عابدة,الزبائن,الميزانية
            1213282-يوسف رجب,الزبائن,الميزانية
            1213283-يامن عطلة,الزبائن,الميزانية
            1213284-عبد الغني حجازي,الزبائن,الميزانية
            1213285-عبداللطيف الميرو,الزبائن,الميزانية
            1213286-ليال الشعال,الزبائن,الميزانية
            1213287-احمد السيد,الزبائن,الميزانية
            1213288-ام حسام,الزبائن,الميزانية
            1213289-دانا السوادي,الزبائن,الميزانية
            121329-نبيل بشير,الزبائن,الميزانية
            1213290-سيدرا ابو قبع,الزبائن,الميزانية
            1213291-رنيم ابونجم,الزبائن,الميزانية
            1213292-محمد الرفاعي 666,الزبائن,الميزانية
            1213293-ميمنه جندل,الزبائن,الميزانية
            1213294-عبدالله دلعب,الزبائن,الميزانية
            1213295-راما الرفاعي406,الزبائن,الميزانية
            1213296-عبدالرحمن مرعي,الزبائن,الميزانية
            1213297-عدي القبع,الزبائن,الميزانية
            1213298-شيماء درويش,الزبائن,الميزانية
            1213299-اية عابدة,الزبائن,الميزانية
            12133-وليد ضاهر,الزبائن,الميزانية
            121330-مصطفى طلب,الزبائن,الميزانية
            1213300-هديل الصيادي,الزبائن,الميزانية
            1213301-احمد عبدالعزيز,الزبائن,الميزانية
            1213302-رؤى عرنوس,الزبائن,الميزانية
            1213303-ليان ابو يحيى,الزبائن,الميزانية
            1213304-لجين سويدان,الزبائن,الميزانية
            1213305-سلطان حجازي,الزبائن,الميزانية
            1213306-لجين شاهين,الزبائن,الميزانية
            1213307-مجد المصطفى,الزبائن,الميزانية
            1213308-يونس سلعس,الزبائن,الميزانية
            1213309-تالا حجي عمر,الزبائن,الميزانية
            121331-بنان جاموس,الزبائن,الميزانية
            1213310-صهيب سليمان,الزبائن,الميزانية
            1213311-محمد الرفاعي 279,الزبائن,الميزانية
            1213312-يام السحلي,الزبائن,الميزانية
            1213313-باسل طالب,الزبائن,الميزانية
            1213314-صبا دويك,الزبائن,الميزانية
            1213315-عبد الرحمن خالد,الزبائن,الميزانية
            1213316-سdدرة عيد,الزبائن,الميزانية
            1213317-ام فارس,الزبائن,الميزانية
            1213318-وفاء المصري,الزبائن,الميزانية
            1213319-جوري الرفاعي,الزبائن,الميزانية
            121332-فارس الغبرة,الزبائن,الميزانية
            1213320-سلام عودية,الزبائن,الميزانية
            1213321-لنى قرقور,الزبائن,الميزانية
            1213322-موفق سنجاب,الزبائن,الميزانية
            1213323-رياض وائل,الزبائن,الميزانية
            1213324-سيرين حجازي,الزبائن,الميزانية
            1213325-تسنيم غويش,الزبائن,الميزانية
            1213326-نوارة السوادي,الزبائن,الميزانية
            1213327-صافي الصافي,الزبائن,الميزانية
            1213328-نضال حنيفة,الزبائن,الميزانية
            1213329-محمد عراب,الزبائن,الميزانية
            121333-هزار تمراز,الزبائن,الميزانية
            1213330-بسمة عيون,الزبائن,الميزانية
            1213331-ميران قسيس,الزبائن,الميزانية
            1213332-غدير جاموس,الزبائن,الميزانية
            1213333-بيسان بريغيش,الزبائن,الميزانية
            1213334-نور دبا,الزبائن,الميزانية
            1213335-رئا مشتى,الزبائن,الميزانية
            1213336-داود,الزبائن,الميزانية
            1213337-جلال زاده,الزبائن,الميزانية
            1213338-يسرا الاحمر,الزبائن,الميزانية
            1213339-نبيل رجب,الزبائن,الميزانية
            121334-رغد دمعة,الزبائن,الميزانية
            1213340-بيان محمد,الزبائن,الميزانية
            1213341-سيدرة الغبرة,الزبائن,الميزانية
            1213342-محمد العطار,الزبائن,الميزانية
            1213343-عمران الصالحاني,الزبائن,الميزانية
            1213344-كنان عثمان,الزبائن,الميزانية
            1213345-ام زكريا البصلة,الزبائن,الميزانية
            1213346-عبد الرحمن محمد,الزبائن,الميزانية
            1213347-محمد الحجي,الزبائن,الميزانية
            1213348-ناصر قاسم,الزبائن,الميزانية
            1213349-انس سلعس,الزبائن,الميزانية
            121335-سدرة كنعان,الزبائن,الميزانية
            1213350-شهد خلوف 505,الزبائن,الميزانية
            1213351-احمد قرقور,الزبائن,الميزانية
            1213352-عبدالرحمن القسيمي,الزبائن,الميزانية
            1213353-سارة غنايم,الزبائن,الميزانية
            1213354-اسامة العتر,الزبائن,الميزانية
            1213355-نصرالله سلامة,الزبائن,الميزانية
            1213356-هيا الحمدان,الزبائن,الميزانية
            1213357-براءة الخطيب,الزبائن,الميزانية
            1213358-يسرى الشامي,الزبائن,الميزانية
            1213359-علي محمد,الزبائن,الميزانية
            121336-الاء بعيون,الزبائن,الميزانية
            1213360-زينة بلبل,الزبائن,الميزانية
            1213361-حلا السكري,الزبائن,الميزانية
            1213362-ايوب حجازي,الزبائن,الميزانية
            1213363-بيان جاموس,الزبائن,الميزانية
            1213364-هادية احمد,الزبائن,الميزانية
            1213365-حنين برغلية,الزبائن,الميزانية
            1213366-مضر مناور,الزبائن,الميزانية
            1213367-عبدالرحمن محمد,الزبائن,الميزانية
            1213368-مقهى ديكونة,الزبائن,الميزانية
            1213369-احمد حجازي 308,الزبائن,الميزانية
            121337-اميرة,الزبائن,الميزانية
            1213370-براء الزعبي,الزبائن,الميزانية
            1213371-محمد زينو,الزبائن,الميزانية
            1213372-رين طالب,الزبائن,الميزانية
            1213373-ايا عثمان,الزبائن,الميزانية
            1213374-ليا عثمان,الزبائن,الميزانية
            1213375-اياد برغلة,الزبائن,الميزانية
            1213376-بتول محيسن,الزبائن,الميزانية
            1213377-علي شحادة,الزبائن,الميزانية
            1213378-هبة قرقور,الزبائن,الميزانية
            1213379-سليم برغلية,الزبائن,الميزانية
            121338-جنى,الزبائن,الميزانية
            1213380-هبة المصري,الزبائن,الميزانية
            1213381-اماني علي,الزبائن,الميزانية
            1213382-رغد المؤذن253,الزبائن,الميزانية
            1213383-فيحاء الشلبي,الزبائن,الميزانية
            1213384-اية الشعار,الزبائن,الميزانية
            1213385-وسام بلبل,الزبائن,الميزانية
            1213386-فطمة,الزبائن,الميزانية
            1213387-تسنيم دقا,الزبائن,الميزانية
            1213388-ام كنان,الزبائن,الميزانية
            1213389-طلال الشيخ,الزبائن,الميزانية
            121339-سهام معتوق,الزبائن,الميزانية
            1213390-بندر عرنوص,الزبائن,الميزانية
            1213391-سعدا السيد,الزبائن,الميزانية
            1213392-عبدالرحمن حسين,الزبائن,الميزانية
            1213393-لمياء حجازي,الزبائن,الميزانية
            1213394-رؤى عبد الغني,الزبائن,الميزانية
            1213395-حلا الورد,الزبائن,الميزانية
            1213396-فادية الصايل,الزبائن,الميزانية
            1213397-معاذ الموالدي,الزبائن,الميزانية
            1213398-رامه ابوزيد,الزبائن,الميزانية
            1213399-جمانا محمود,الزبائن,الميزانية
            12134-سارة عامر,الزبائن,الميزانية
            121340-اميرة ر60,الزبائن,الميزانية
            1213400-مالك الاحمر,الزبائن,الميزانية
            1213401-بيان غنور,الزبائن,الميزانية
            1213402-رؤى بشير,الزبائن,الميزانية
            1213403-ليلى الاحمر,الزبائن,الميزانية
            1213404-بنان فرج,الزبائن,الميزانية
            1213405-محمود الخجى,الزبائن,الميزانية
            1213406-البراء حمادة,الزبائن,الميزانية
            1213407-فيصل قاسم,الزبائن,الميزانية
            1213408-بدور سماعيل,الزبائن,الميزانية
            1213409-ايه الحافظ,الزبائن,الميزانية
            121341-عبدالله عبد الحي,الزبائن,الميزانية
            1213410-محمد رضوان,الزبائن,الميزانية
            1213411-رفيف رضوان,الزبائن,الميزانية
            1213412-انلس برمه,الزبائن,الميزانية
            1213413-عبود سلعس,الزبائن,الميزانية
            1213414-اسامة قرقور,الزبائن,الميزانية
            1213415-هبة خالد,الزبائن,الميزانية
            1213416-ليان طلب,الزبائن,الميزانية
            1213417-فارس عمر 111,الزبائن,الميزانية
            1213418-علاء سليمان,الزبائن,الميزانية
            1213419-احلام  نبيل,الزبائن,الميزانية
            121342-صفا حرب,الزبائن,الميزانية
            1213420-لجين نبيل,الزبائن,الميزانية
            1213421-نورا البني,الزبائن,الميزانية
            1213422-هادي الموق,الزبائن,الميزانية
            1213423-احمد الطحان,الزبائن,الميزانية
            1213424-ماجد الاحمر,الزبائن,الميزانية
            1213425-غزة منيني,الزبائن,الميزانية
            1213426-حسن محيسن,الزبائن,الميزانية
            1213427-اسراء عبدالله,الزبائن,الميزانية
            1213428-مسرة الشلبي,الزبائن,الميزانية
            1213429-اخلاص بيطار,الزبائن,الميزانية
            121343-انسام ميرو,الزبائن,الميزانية
            1213430-مسك طالب,الزبائن,الميزانية
            1213431-الاء اسعيد,الزبائن,الميزانية
            1213432-سماح الحجة,الزبائن,الميزانية
            1213433-عبدالله يوسف,الزبائن,الميزانية
            1213434-عمرو هلال,الزبائن,الميزانية
            1213435-رشا بشر,الزبائن,الميزانية
            1213436-نضال كداس,الزبائن,الميزانية
            1213437-محمد ابو حمزة,الزبائن,الميزانية
            1213438-مصطفى عمر,الزبائن,الميزانية
            1213439-عبدالمجيد كريز,الزبائن,الميزانية
            121344-ابو صهيب,الزبائن,الميزانية
            1213440-بسملة الشاهر,الزبائن,الميزانية
            1213441-عمر عصفور,الزبائن,الميزانية
            1213442-ابو عبيدة,الزبائن,الميزانية
            1213443-احمد فرحات,الزبائن,الميزانية
            1213444-براء غيلان,الزبائن,الميزانية
            1213445-رنا عبدالعزيز,الزبائن,الميزانية
            1213446-بشرى وام عبدالهادي,الزبائن,الميزانية
            1213447-وليد النعيمي,الزبائن,الميزانية
            1213448-دلال الطحان,الزبائن,الميزانية
            1213449-عبد العليم,الزبائن,الميزانية
            121345-احمد حجازي,الزبائن,الميزانية
            1213450-وفاء سلامة,الزبائن,الميزانية
            1213451-بتول قرقور,الزبائن,الميزانية
            1213452-راما الحجازي,الزبائن,الميزانية
            1213454-ام خلدون,الزبائن,الميزانية
            1213455-جودي مؤمون,الزبائن,الميزانية
            1213456-عبد الرحيم الخطيب,الزبائن,الميزانية
            1213457-سما الرفاعي 1,الزبائن,الميزانية
            1213458-ثراء عودة,الزبائن,الميزانية
            1213459-حسام ابو قش,الزبائن,الميزانية
            121346-شهد عبيد,الزبائن,الميزانية
            1213460-معاذ الفهد,الزبائن,الميزانية
            1213461-ندى غيلان,الزبائن,الميزانية
            1213462-فاضل الخولاني,الزبائن,الميزانية
            1213463-طارق صراميجو,الزبائن,الميزانية
            1213464-ميسم محمود,الزبائن,الميزانية
            1213465-مؤيد ديب,الزبائن,الميزانية
            1213466-مرام مراد,الزبائن,الميزانية
            1213467-حمزة الشيخ,الزبائن,الميزانية
            1213468-ريم البدوي,الزبائن,الميزانية
            1213469-بتول درويش,الزبائن,الميزانية
            121347-نور اللادقاني,الزبائن,الميزانية
            1213470-غث حلال,الزبائن,الميزانية
            1213471-سراج الباشة,الزبائن,الميزانية
            1213472-ياسر السلاميين,الزبائن,الميزانية
            1213473-هشام الطحان,الزبائن,الميزانية
            1213474-سارة الرفاعي,الزبائن,الميزانية
            1213475-ام وائل,الزبائن,الميزانية
            1213476-ليمار حيدور,الزبائن,الميزانية
            1213477-تقى المعتصم,الزبائن,الميزانية
            1213478-مايا الاغبر,الزبائن,الميزانية
            1213479-حسين لحالم,الزبائن,الميزانية
            121348-عبدالله شيخ النجار,الزبائن,الميزانية
            1213480-ماري دله,الزبائن,الميزانية
            1213481-ليال الشعار,الزبائن,الميزانية
            1213482-مجد الاحمر,الزبائن,الميزانية
            1213483-الارا محمد,الزبائن,الميزانية
            1213484-ندا الزين,الزبائن,الميزانية
            1213485-جواد حنيفة,الزبائن,الميزانية
            1213486-تالا عبدالرحمن,الزبائن,الميزانية
            1213487-براءة راجح,الزبائن,الميزانية
            1213488-مرح خلوف,الزبائن,الميزانية
            1213489-نورمان الشلبي,الزبائن,الميزانية
            121349-رامي الكيلاني,الزبائن,الميزانية
            1213490-فرح طعمة,الزبائن,الميزانية
            1213491-راكان صراميجو,الزبائن,الميزانية
            1213492-محمد المطلي,الزبائن,الميزانية
            1213493-جود شماع,الزبائن,الميزانية
            1213494-ديالا دعمش,الزبائن,الميزانية
            1213495-عمر سلمان,الزبائن,الميزانية
            1213496-اسيمة شمس الدين,الزبائن,الميزانية
            1213497-مريم فرج,الزبائن,الميزانية
            1213498-لين عز الدين,الزبائن,الميزانية
            1213499-بيان اللحام,الزبائن,الميزانية
            12135-عزيز بسام,الزبائن,الميزانية
            121350-امل,الزبائن,الميزانية
            1213500-سيدرا الاحمر,الزبائن,الميزانية
            1213501-ليمار هيدور,الزبائن,الميزانية
            1213502-نور السلامة,الزبائن,الميزانية
            1213503-ريم البني 55,الزبائن,الميزانية
            1213504-امينة حجازي,الزبائن,الميزانية
            1213505-اروا السوادي,الزبائن,الميزانية
            1213506-رهف الرفاعي,الزبائن,الميزانية
            1213507-حسن العسل,الزبائن,الميزانية
            1213508-عفاف الحبش,الزبائن,الميزانية
            1213509-نسيبة 1,الزبائن,الميزانية
            121351-غيث الغانم,الزبائن,الميزانية
            1213510-سدرة ابوقبع,الزبائن,الميزانية
            1213511-راما زينية,الزبائن,الميزانية
            1213512-رؤى المشتى,الزبائن,الميزانية
            1213513-مجد الرامس,الزبائن,الميزانية
            1213514-يسرى احمد,الزبائن,الميزانية
            1213515-قصي القاسم,الزبائن,الميزانية
            1213516-يارا حجازي,الزبائن,الميزانية
            1213517-ليان الهادي,الزبائن,الميزانية
            1213518-لارا يوسف,الزبائن,الميزانية
            1213519-زبيدة حمرة,الزبائن,الميزانية
            121352-براء الحبشي,الزبائن,الميزانية
            1213520-غصول عبار,الزبائن,الميزانية
            1213521-جنات الحاج احمد,الزبائن,الميزانية
            1213522-هدية السوادي,الزبائن,الميزانية
            1213523-يمنا الباشة,الزبائن,الميزانية
            1213524-خدية السوادي,الزبائن,الميزانية
            1213525-احمد الصعيدي,الزبائن,الميزانية
            1213526-مايا سنجاب,الزبائن,الميزانية
            1213527-بلال الخطيب,الزبائن,الميزانية
            1213528-ماهر سعيد,الزبائن,الميزانية
            1213529-غنة لحليبي,الزبائن,الميزانية
            121353-عمار سلعس,الزبائن,الميزانية
            1213530-سامر الاحمر,الزبائن,الميزانية
            1213531-عبادة بقدونسي,الزبائن,الميزانية
            1213532-عمر جازية,الزبائن,الميزانية
            1213533-عبدالله السوادي 1,الزبائن,الميزانية
            1213534-محمد البصلة,الزبائن,الميزانية
            1213535-معاذ حجازي,الزبائن,الميزانية
            1213536-حيدرة فرج,الزبائن,الميزانية
            1213537-محمود لولو,الزبائن,الميزانية
            1213538-اسراء السكري,الزبائن,الميزانية
            1213539-سدرة اصلان,الزبائن,الميزانية
            121354-الياس عثمان,الزبائن,الميزانية
            1213540-عهود برمو,الزبائن,الميزانية
            1213541-هبة شداد,الزبائن,الميزانية
            1213542-دعاء العيبان,الزبائن,الميزانية
            1213543-عمر عبدالعزيز,الزبائن,الميزانية
            1213544-عبادة السيروان,الزبائن,الميزانية
            1213545-محمد القاضي,الزبائن,الميزانية
            1213546-المى البني,الزبائن,الميزانية
            1213547-ياسر السلامين,الزبائن,الميزانية
            1213548-هادي الحسن,الزبائن,الميزانية
            1213549-مها الصمادي,الزبائن,الميزانية
            121355-عروب لاذقاني,الزبائن,الميزانية
            1213550-محمد الزرجال,الزبائن,الميزانية
            1213551-الما زينية,الزبائن,الميزانية
            1213552-امتنان فرج,الزبائن,الميزانية
            1213553-وسام صراج,الزبائن,الميزانية
            1213554-تركي العيسا,الزبائن,الميزانية
            1213555-مهند عبد الجليد,الزبائن,الميزانية
            1213556-شام الاعسر,الزبائن,الميزانية
            1213557-مريم الاحمر,الزبائن,الميزانية
            1213558-دانة الكريم,الزبائن,الميزانية
            1213559-سلسبيل الرفاعي,الزبائن,الميزانية
            121356-محمود احمد,الزبائن,الميزانية
            1213560-ريمان السوادي,الزبائن,الميزانية
            1213561-اية الرفاعي,الزبائن,الميزانية
            1213562-حلا حسين,الزبائن,الميزانية
            1213563-حنين الخطيب,الزبائن,الميزانية
            1213564-فداء البني,الزبائن,الميزانية
            1213565-محمد العوض,الزبائن,الميزانية
            1213566-ليلى الشلبي,الزبائن,الميزانية
            1213567-عبير سلعس,الزبائن,الميزانية
            1213568-صلاح درويش,الزبائن,الميزانية
            1213569-سدرا جاموس,الزبائن,الميزانية
            121357-هاني كردي,الزبائن,الميزانية
            1213570-محمد اطرش,الزبائن,الميزانية
            1213571-تهاني كلثوم,الزبائن,الميزانية
            1213572-ابوقيس,الزبائن,الميزانية
            1213573-نور عنبرة,الزبائن,الميزانية
            1213574-جواد السحلي,الزبائن,الميزانية
            1213575-حذيفة فرحات,الزبائن,الميزانية
            1213576-حمزة الرفاعي,الزبائن,الميزانية
            1213577-اويس الحناوي,الزبائن,الميزانية
            1213578-لينا سليمان,الزبائن,الميزانية
            1213579-رنيم شبيكه,الزبائن,الميزانية
            121358-قصي السوادي,الزبائن,الميزانية
            1213580-ثائر جاموس,الزبائن,الميزانية
            1213581-حسن الحافي,الزبائن,الميزانية
            1213582-معاذ برغلة,الزبائن,الميزانية
            1213583-حنان زينين,الزبائن,الميزانية
            1213584-ديما برمو,الزبائن,الميزانية
            1213585-تسنيم شمو,الزبائن,الميزانية
            1213586-وافي وليد,الزبائن,الميزانية
            1213587-علي برغلة,الزبائن,الميزانية
            1213588-يزن الشيخ,الزبائن,الميزانية
            1213589-مريم برغلة,الزبائن,الميزانية
            121359-مصطفى حجازي,الزبائن,الميزانية
            1213590-تسنيم لولو,الزبائن,الميزانية
            1213591-vkdl,الزبائن,الميزانية
            1213592-علا بريغيش,الزبائن,الميزانية
            1213593-تالين عبدالاله,الزبائن,الميزانية
            1213594-وئام الحبشي,الزبائن,الميزانية
            1213595-دعاء علي,الزبائن,الميزانية
            1213596-لجين الغاوي,الزبائن,الميزانية
            1213597-رؤى الشعار,الزبائن,الميزانية
            1213598-روناس الدالي,الزبائن,الميزانية
            1213599-جنى قشوم,الزبائن,الميزانية
            12136-وليد الرفاعي,الزبائن,الميزانية
            121360-زينة عبود,الزبائن,الميزانية
            1213600-نور شعال,الزبائن,الميزانية
            1213601-غادة سكر,الزبائن,الميزانية
            1213602-دانا النوري,الزبائن,الميزانية
            1213603-جولي صلوحة,الزبائن,الميزانية
            1213604-رضا برغيش,الزبائن,الميزانية
            1213605-مريم سميطة,الزبائن,الميزانية
            1213606-منهد خلوف,الزبائن,الميزانية
            1213607-دانية جبهجي,الزبائن,الميزانية
            1213608-سعاد المغربي,الزبائن,الميزانية
            1213609-حازم حسين,الزبائن,الميزانية
            121361-هزار عبدالرحمن,الزبائن,الميزانية
            1213610-مالك انس,الزبائن,الميزانية
            1213611-مريم السكري,الزبائن,الميزانية
            1213612-جودي دلة,الزبائن,الميزانية
            1213613-عامر حسين,الزبائن,الميزانية
            1213614-فايز حجازي,الزبائن,الميزانية
            1213615-يوسف زيني,الزبائن,الميزانية
            1213616-فراس زيني,الزبائن,الميزانية
            1213617-عبد الله زريق,الزبائن,الميزانية
            1213618-هبة قوسيمي,الزبائن,الميزانية
            1213619-خديجة معنية,الزبائن,الميزانية
            121362-لمى محمد,الزبائن,الميزانية
            1213620-معاذ الحام,الزبائن,الميزانية
            1213621-كعب حمدان,الزبائن,الميزانية
            1213622-علاء عبد المالك,الزبائن,الميزانية
            1213623-رزان زياد,الزبائن,الميزانية
            1213624-ياسمين برغلة,الزبائن,الميزانية
            1213625-ليستا,الزبائن,الميزانية
            1213626-حنين حسين,الزبائن,الميزانية
            1213627-محمد اسماعيل,الزبائن,الميزانية
            1213628-عزل الخطيب,الزبائن,الميزانية
            1213629-عبير حلال,الزبائن,الميزانية
            121363-حبيب 51,الزبائن,الميزانية
            1213630-بيان سليمان,الزبائن,الميزانية
            1213631-سعد محمد,الزبائن,الميزانية
            1213632-حازم كيلاني,الزبائن,الميزانية
            1213633-لجين عضبان,الزبائن,الميزانية
            1213634-سكينة غبرة,الزبائن,الميزانية
            1213635-ريما برغلية,الزبائن,الميزانية
            1213636-دانا الحمر,الزبائن,الميزانية
            1213637-ملاك الاغبر,الزبائن,الميزانية
            1213638-ماريا ابو خرمة,الزبائن,الميزانية
            1213639-محمود سكري,الزبائن,الميزانية
            121364-نهال عرنوس,الزبائن,الميزانية
            1213640-عبدالله الوسام,الزبائن,الميزانية
            1213641-محمد ابراهيم,الزبائن,الميزانية
            1213642-شهد الشايطة,الزبائن,الميزانية
            1213643-رغد قصيص,الزبائن,الميزانية
            1213644-لميس الباشا,الزبائن,الميزانية
            1213645-وفاء جاموس,الزبائن,الميزانية
            1213646-محمد عبدالله,الزبائن,الميزانية
            1213647-مجد كريز,الزبائن,الميزانية
            1213648-اوبي الصالحاني,الزبائن,الميزانية
            1213649-بيسان بلبل,الزبائن,الميزانية
            121365-خديجه جاموس,الزبائن,الميزانية
            1213650-نور الطيب,الزبائن,الميزانية
            1213651-تاج دله,الزبائن,الميزانية
            1213652-جود قاسم,الزبائن,الميزانية
            1213653-مرح قسيمي,الزبائن,الميزانية
            1213654-ايهم الشلاح,الزبائن,الميزانية
            1213655-ايمان ابوحسن,الزبائن,الميزانية
            1213656-حنان فيصل,الزبائن,الميزانية
            1213657-تسنيم الاغبر,الزبائن,الميزانية
            1213658-ايمن دياب,الزبائن,الميزانية
            1213659-انساف,الزبائن,الميزانية
            121366-شروق سميطة,الزبائن,الميزانية
            1213660-انصاف,الزبائن,الميزانية
            1213661-عمار قهوجي,الزبائن,الميزانية
            1213662-الخال ديليفري,الزبائن,الميزانية
            1213663-عامر ضبعان,الزبائن,الميزانية
            1213664-لما ابوحسن,الزبائن,الميزانية
            1213665-صفا الاحمر,الزبائن,الميزانية
            1213666-نبيل حنيفه,الزبائن,الميزانية
            1213667-ملهم السوادي,الزبائن,الميزانية
            1213668-اسراء القهوجي \,الزبائن,الميزانية
            1213669-اسيل عبد ربو,الزبائن,الميزانية
            121367-يمان ديب,الزبائن,الميزانية
            1213670-حمزة الحسيني,الزبائن,الميزانية
            1213671-خالد خليفة,الزبائن,الميزانية
            1213672-فبصل فرحات,الزبائن,الميزانية
            1213673-رغد الاحمر,الزبائن,الميزانية
            1213674-كرم بدوي,الزبائن,الميزانية
            1213675-صلاح عرنوس,الزبائن,الميزانية
            1213676-جولان الرفاعي,الزبائن,الميزانية
            1213677-بيسان الورد,الزبائن,الميزانية
            1213678-اسماء فرحات,الزبائن,الميزانية
            1213679-ابو محمد ضاهر,الزبائن,الميزانية
            121368-اماني الزعبي,الزبائن,الميزانية
            1213680-عبدالرحمن برغلية,الزبائن,الميزانية
            1213681-بلال بشاش,الزبائن,الميزانية
            1213682-نذير الطحان,الزبائن,الميزانية
            1213683-هبة الرفاعي,الزبائن,الميزانية
            1213684-حنين الزلم,الزبائن,الميزانية
            1213685-رؤى معدلي,الزبائن,الميزانية
            1213686-حازم الكردي,الزبائن,الميزانية
            1213687-اماني محمد,الزبائن,الميزانية
            1213688-جواد الحبشي,الزبائن,الميزانية
            1213689-هناء الطحان,الزبائن,الميزانية
            121369-مروه عبدالله,الزبائن,الميزانية
            1213690-براء حجازي,الزبائن,الميزانية
            1213691-سالي الاغبر,الزبائن,الميزانية
            1213692-منير الشعار,الزبائن,الميزانية
            1213693-فيصل فرحات,الزبائن,الميزانية
            1213694-فراس الكيلاني,الزبائن,الميزانية
            1213695-مالك بلبل,الزبائن,الميزانية
            1213696-عدي محمود,الزبائن,الميزانية
            1213697-خالد الكيلاني,الزبائن,الميزانية
            1213698-بشرى الصالحان,الزبائن,الميزانية
            1213699-ابوي صالحاني,الزبائن,الميزانية
            12137-عزوز البطحيش,الزبائن,الميزانية
            121370-راما السوادي,الزبائن,الميزانية
            1213700-دينيز باشا,الزبائن,الميزانية
            1213701-هيفاء صيدناي,الزبائن,الميزانية
            1213702-رؤى زريع,الزبائن,الميزانية
            1213703-يزن الباشا,الزبائن,الميزانية
            1213704-عاصم عرنوص,الزبائن,الميزانية
            1213705-عبدالرحمن الاغبر,الزبائن,الميزانية
            1213706-رؤى زريق,الزبائن,الميزانية
            1213707-هديل عبدالله,الزبائن,الميزانية
            1213708-لميس فؤاد,الزبائن,الميزانية
            1213709-انصاف الرفاعي,الزبائن,الميزانية
            121371-مرام ايمن,الزبائن,الميزانية
            1213710-عبد الرحمن برغلة,الزبائن,الميزانية
            1213711-محمود سرحان,الزبائن,الميزانية
            1213712-رهف المصري048,الزبائن,الميزانية
            1213713-سارة برمو216,الزبائن,الميزانية
            1213714-سلام دواس,الزبائن,الميزانية
            1213715-فاطمة سلعس961,الزبائن,الميزانية
            1213716-احمد حداد,الزبائن,الميزانية
            1213717-هاديا الباشا,الزبائن,الميزانية
            1213718-اسراء جاموس,الزبائن,الميزانية
            1213719-حلا قدموس,الزبائن,الميزانية
            121372-سليمان السوادي,الزبائن,الميزانية
            1213720-اميرة فتينة,الزبائن,الميزانية
            1213721-شذى الطحان,الزبائن,الميزانية
            1213722-زهراء رجب,الزبائن,الميزانية
            1213723-هبة حسين,الزبائن,الميزانية
            1213724-لما وليد,الزبائن,الميزانية
            1213725-ايه الغضبان,الزبائن,الميزانية
            1213726-عمر قرقور,الزبائن,الميزانية
            1213727-مايه الاغبر,الزبائن,الميزانية
            1213728-هادية راشد,الزبائن,الميزانية
            1213729-احمد عبيد,الزبائن,الميزانية
            121373-محمد عثمان,الزبائن,الميزانية
            1213730-جواهر الشلبي,الزبائن,الميزانية
            1213731-رند بوبول,الزبائن,الميزانية
            1213732-نور سعيد,الزبائن,الميزانية
            1213733-بشار صافي,الزبائن,الميزانية
            1213734-مرام غويش,الزبائن,الميزانية
            1213735-حنين الحسين,الزبائن,الميزانية
            1213736-سامر اسعيد,الزبائن,الميزانية
            1213737-غنى خلوف,الزبائن,الميزانية
            1213738-ميساء سلعس,الزبائن,الميزانية
            1213739-الاميرة,الزبائن,الميزانية
            121374-زهور المظلوم,الزبائن,الميزانية
            1213740-هبه القصيمي,الزبائن,الميزانية
            1213741-ربا البني,الزبائن,الميزانية
            1213742-اسراء عبد 111,الزبائن,الميزانية
            1213743-يزن عرنوس,الزبائن,الميزانية
            1213744-يزن عرنوص,الزبائن,الميزانية
            1213745-معاذ الطحان,الزبائن,الميزانية
            1213746-بلال البشاش,الزبائن,الميزانية
            1213747-ماريا زعتر,الزبائن,الميزانية
            1213748-فهد السلامة,الزبائن,الميزانية
            1213749-عبدالمجيد الباشا,الزبائن,الميزانية
            121375-الاء ابرار,الزبائن,الميزانية
            1213750-جواد هلال,الزبائن,الميزانية
            1213751-عصام الحامد,الزبائن,الميزانية
            1213752-عبدالرحمن الاحمر,الزبائن,الميزانية
            1213753-شهد الغضبان,الزبائن,الميزانية
            1213754-غادة السوادي,الزبائن,الميزانية
            1213755-صبا بشير,الزبائن,الميزانية
            1213756-كوثر صيبعة,الزبائن,الميزانية
            1213757-ام قيس,الزبائن,الميزانية
            1213758-عمر سلطان,الزبائن,الميزانية
            1213759-موفق سليمان,الزبائن,الميزانية
            121376-عمران السوادي,الزبائن,الميزانية
            1213760-تالا درويش,الزبائن,الميزانية
            1213761-شهد صالح,الزبائن,الميزانية
            1213762-عائشة,الزبائن,الميزانية
            1213763-عبد الكريم ظافر,الزبائن,الميزانية
            1213764-غسان الاورفلي,الزبائن,الميزانية
            1213765-عبدالله غانم,الزبائن,الميزانية
            1213766-عاصم سنجاب,الزبائن,الميزانية
            1213767-محمد ابوقش,الزبائن,الميزانية
            1213768-ام عبدالباري,الزبائن,الميزانية
            1213769-احمد الدلة,الزبائن,الميزانية
            121377-الاء ابريق,الزبائن,الميزانية
            1213770-انس زعتر,الزبائن,الميزانية
            1213771-بتول الزين,الزبائن,الميزانية
            1213772-ياسر كيلاني,الزبائن,الميزانية
            1213773-ليلاس جولاق,الزبائن,الميزانية
            1213774-سناء البني,الزبائن,الميزانية
            1213775-يوسف سميطة,الزبائن,الميزانية
            1213776-8085,الزبائن,الميزانية
            1213777-وداد عثمان,الزبائن,الميزانية
            1213778-ابوحسان,الزبائن,الميزانية
            1213779-جودي المهني,الزبائن,الميزانية
            121378-دانا الشماع,الزبائن,الميزانية
            1213780-هلا غريب,الزبائن,الميزانية
            1213781-حسين عرنوس,الزبائن,الميزانية
            1213782-يحيى الفارس,الزبائن,الميزانية
            1213783-ابو عمر,الزبائن,الميزانية
            1213784-رافت زينية,الزبائن,الميزانية
            1213785-الاء حموري,الزبائن,الميزانية
            1213786-هيا فرحات,الزبائن,الميزانية
            1213787-سالي زينة,الزبائن,الميزانية
            1213788-انس عوض,الزبائن,الميزانية
            1213789-خالد جحه,الزبائن,الميزانية
            121379-الاء البج,الزبائن,الميزانية
            1213790-زينة الخطيب,الزبائن,الميزانية
            1213791-امجد مقداد,الزبائن,الميزانية
            1213792-اياد فيصل,الزبائن,الميزانية
            1213793-اسلام تقبس,الزبائن,الميزانية
            1213794-عبدالله بلش,الزبائن,الميزانية
            1213795-مجد الاغبر,الزبائن,الميزانية
            1213796-بهاء دله,الزبائن,الميزانية
            1213797-كيان جندل,الزبائن,الميزانية
            1213798-لين السعيد,الزبائن,الميزانية
            1213799-ام جمال,الزبائن,الميزانية
            12138-عمار محمد,الزبائن,الميزانية
            121380-ميمونة السوادي,الزبائن,الميزانية
            1213800-دانا جيرون,الزبائن,الميزانية
            1213801-سيدرا كنعان,الزبائن,الميزانية
            1213802-ام مصطفى,الزبائن,الميزانية
            1213803-بشير بوخضر,الزبائن,الميزانية
            1213804-فردوس ميرو,الزبائن,الميزانية
            1213805-احمد رجب,الزبائن,الميزانية
            1213806-رضوان غانم,الزبائن,الميزانية
            1213807-ايمن بلبل,الزبائن,الميزانية
            1213808-المعتصم بالله الرفاعي,الزبائن,الميزانية
            1213809-ظلال فرحات,الزبائن,الميزانية
            121381-براء عودة,الزبائن,الميزانية
            1213810-رغد بيطار,الزبائن,الميزانية
            1213811-بشاير ناصر,الزبائن,الميزانية
            1213812-ماجدة الاحمر,الزبائن,الميزانية
            1213813-ماهر معين,الزبائن,الميزانية
            1213814-سيما الاغبر,الزبائن,الميزانية
            1213815-عبداللطيف الاغبر,الزبائن,الميزانية
            1213816-تالا السوادي,الزبائن,الميزانية
            1213817-ورد سكر,الزبائن,الميزانية
            1213818-ابراهيم سلامة,الزبائن,الميزانية
            1213819-شادية العثمان,الزبائن,الميزانية
            121382-اية البج,الزبائن,الميزانية
            1213820-ماريا انس,الزبائن,الميزانية
            1213821-قمر الاغبر,الزبائن,الميزانية
            1213822-فرح عبيد,الزبائن,الميزانية
            1213823-اسما عبلة,الزبائن,الميزانية
            1213824-وفاء حرب,الزبائن,الميزانية
            1213825-يارا الديري,الزبائن,الميزانية
            1213826-علاء خبية,الزبائن,الميزانية
            1213827-علي رضا جميلة,الزبائن,الميزانية
            1213828-تسنيم شاكر,الزبائن,الميزانية
            1213829-ليلاس اللاذقاني,الزبائن,الميزانية
            121383-محمد الباشا,الزبائن,الميزانية
            1213830-محمود الظاهر,الزبائن,الميزانية
            1213831-ماجد حجازي,الزبائن,الميزانية
            1213832-سدرا خليفة,الزبائن,الميزانية
            1213833-ام عبدالرحمن الصمل,الزبائن,الميزانية
            1213834-شيماء الهندي,الزبائن,الميزانية
            1213835-شذى فرج,الزبائن,الميزانية
            1213836-رهف خلف,الزبائن,الميزانية
            1213837-سدرا عبلا,الزبائن,الميزانية
            1213838-سيدرا كريز,الزبائن,الميزانية
            1213839-عبدالرحمن ابو عبدالله,الزبائن,الميزانية
            121384-اية كنينة,الزبائن,الميزانية
            1213840-عبدالرحمن جميلة,الزبائن,الميزانية
            1213841-لين الشاقي,الزبائن,الميزانية
            1213842-راما معلولي 22,الزبائن,الميزانية
            1213843-بلال ساهر,الزبائن,الميزانية
            1213844-سندس البيطار,الزبائن,الميزانية
            1213845-محمد برمو,الزبائن,الميزانية
            1213846-محمد علي 22,الزبائن,الميزانية
            1213847-احمد منصور,الزبائن,الميزانية
            1213848-بسمة اكرم,الزبائن,الميزانية
            1213849-اسراء سليمان,الزبائن,الميزانية
            121385-اماني شحادة,الزبائن,الميزانية
            1213850-شروق بلال,الزبائن,الميزانية
            1213851-لجين سميطة,الزبائن,الميزانية
            1213852-اسامة البني,الزبائن,الميزانية
            1213853-جواد عاشور,الزبائن,الميزانية
            1213854-ام زياد,الزبائن,الميزانية
            1213855-نور الحامد,الزبائن,الميزانية
            1213856-هبه صراميجو,الزبائن,الميزانية
            1213857-محمد الظاهر,الزبائن,الميزانية
            1213858-ايه جاموس,الزبائن,الميزانية
            1213859-وفاء الاغبر,الزبائن,الميزانية
            121386-جميل زريق,الزبائن,الميزانية
            1213860-ام امير بلبل,الزبائن,الميزانية
            1213861-خالد حبشي,الزبائن,الميزانية
            1213862-سلسبيل فرحات,الزبائن,الميزانية
            1213863-عقبة عبود,الزبائن,الميزانية
            1213864-محمد الدرة,الزبائن,الميزانية
            1213865-كامل بدوي,الزبائن,الميزانية
            1213866-عبدالرحمن الهندي,الزبائن,الميزانية
            1213867-كامل البدوي,الزبائن,الميزانية
            1213868-حسين اللحام,الزبائن,الميزانية
            1213869-علي ابو قش,الزبائن,الميزانية
            121387-ابو ايوب حجازي,الزبائن,الميزانية
            1213870-بندر انس,الزبائن,الميزانية
            1213871-شهد انس,الزبائن,الميزانية
            1213872-بثينة خليفة,الزبائن,الميزانية
            1213873-لانا محمد,الزبائن,الميزانية
            1213874-زين الدين برغلة,الزبائن,الميزانية
            1213875-ابو اليمان محمبل,الزبائن,الميزانية
            1213876-ناصر شربت,الزبائن,الميزانية
            1213877-محمد العدنان,الزبائن,الميزانية
            1213878-حياة غضبان,الزبائن,الميزانية
            1213879-جمال جاموس,الزبائن,الميزانية
            121388-عبدلله التميمي,الزبائن,الميزانية
            1213880-عبدالله معتوق,الزبائن,الميزانية
            1213881-عهد الاحمر,الزبائن,الميزانية
            1213882-عبدالعزيز وليد,الزبائن,الميزانية
            1213883-سارة قرقور,الزبائن,الميزانية
            1213884-الي سارة,الزبائن,الميزانية
            1213885-غالب عرنوس,الزبائن,الميزانية
            1213886-بتول فرحات,الزبائن,الميزانية
            1213887-رنيم حجازي,الزبائن,الميزانية
            1213888-عبدالكريم غويش,الزبائن,الميزانية
            1213889-احمد احمد ا,الزبائن,الميزانية
            121389-عبد الحفيظ غويش,الزبائن,الميزانية
            1213890-عزة نجمة,الزبائن,الميزانية
            1213891-علاء سنجاب,الزبائن,الميزانية
            1213892-نهى الزلمة,الزبائن,الميزانية
            1213893-هبة العوام,الزبائن,الميزانية
            1213894-نور لحراكي,الزبائن,الميزانية
            1213895-ام محمد 1,الزبائن,الميزانية
            1213896-ميس سعيد,الزبائن,الميزانية
            1213897-عبدالغني جراح,الزبائن,الميزانية
            1213898-محمد سنجاب 0,الزبائن,الميزانية
            1213899-ولاء فيصل,الزبائن,الميزانية
            12139-عامر اسماعيل,الزبائن,الميزانية
            121390-رغد احمد,الزبائن,الميزانية
            1213900-يونس سلاس,الزبائن,الميزانية
            1213901-حمد الحبشي,الزبائن,الميزانية
            1213902-مريم العويد,الزبائن,الميزانية
            1213903-مروة بلكش,الزبائن,الميزانية
            1213904-ليال جميلة,الزبائن,الميزانية
            1213905-جودي عبيد,الزبائن,الميزانية
            1213906-امين قهوجي,الزبائن,الميزانية
            1213907-امنة النقيب,الزبائن,الميزانية
            1213908-الاء اليج,الزبائن,الميزانية
            1213909-لميس الرفاعي,الزبائن,الميزانية
            121391-غنى جميلة,الزبائن,الميزانية
            1213910-ام سامي حليبي,الزبائن,الميزانية
            1213911-رنيم الصلحاني,الزبائن,الميزانية
            1213912-عبدالعزيز الاحمر,الزبائن,الميزانية
            1213913-محمود عبلة,الزبائن,الميزانية
            1213914-يارا زوكاني,الزبائن,الميزانية
            1213915-ايه اهاب,الزبائن,الميزانية
            1213916-ريناد ابو قش,الزبائن,الميزانية
            1213917-رغد الكردي,الزبائن,الميزانية
            1213918-عبدالله بريغش,الزبائن,الميزانية
            1213919-رامي عجاج,الزبائن,الميزانية
            121392-رنيم الحبشي,الزبائن,الميزانية
            1213920-ميس الاغبر,الزبائن,الميزانية
            1213921-حلا,الزبائن,الميزانية
            1213922-طارق عبيد,الزبائن,الميزانية
            1213923-تسنيم سوسق,الزبائن,الميزانية
            1213924-رهام فرحات,الزبائن,الميزانية
            1213925-مالك دعمش,الزبائن,الميزانية
            1213926-سارة عماد,الزبائن,الميزانية
            1213927-ميار كنينة,الزبائن,الميزانية
            1213928-زينة عفى الرفاعي,الزبائن,الميزانية
            1213929-عبدالرحمن زعتر,الزبائن,الميزانية
            121393-سمر ابو قش,الزبائن,الميزانية
            1213930-زهر الدين عرنوص,الزبائن,الميزانية
            1213931-سلطان جيرون,الزبائن,الميزانية
            1213932-عبدالله متوق,الزبائن,الميزانية
            1213933-ام اسامة,الزبائن,الميزانية
            1213934-غيداء جميلة,الزبائن,الميزانية
            1213935-صبا حجازي,الزبائن,الميزانية
            1213936-مرح القسيمي,الزبائن,الميزانية
            1213937-ريم الحبشي,الزبائن,الميزانية
            1213938-رغد السكري,الزبائن,الميزانية
            1213939-محمد قهوجي,الزبائن,الميزانية
            121394-ميناس السوادي,الزبائن,الميزانية
            1213940-شهد الشلبي,الزبائن,الميزانية
            1213941-مهند بصليه,الزبائن,الميزانية
            1213942-ديالا الاغبر,الزبائن,الميزانية
            1213943-ماريا الاغبر,الزبائن,الميزانية
            1213944-نور حامد,الزبائن,الميزانية
            1213945-تيمار السعدي,الزبائن,الميزانية
            1213946-عزيز سعود,الزبائن,الميزانية
            1213947-حلا حبش,الزبائن,الميزانية
            1213948-بسمة الطحان,الزبائن,الميزانية
            1213949-هدى الشلبي,الزبائن,الميزانية
            121395-رنا عمير,الزبائن,الميزانية
            1213950-عبادة زينية,الزبائن,الميزانية
            1213951-ماريا حواط,الزبائن,الميزانية
            1213952-حسناء بيطار,الزبائن,الميزانية
            1213953-امنة دابلة,الزبائن,الميزانية
            1213954-نصر ابو يزيد,الزبائن,الميزانية
            1213955-مهند الخطيب,الزبائن,الميزانية
            1213956-غيث خباز,الزبائن,الميزانية
            1213957-اميرة عبد العزيز,الزبائن,الميزانية
            1213958-ثراء العودة,الزبائن,الميزانية
            1213959-هدى الدوري,الزبائن,الميزانية
            121396-عبداللطيف ضاهر,الزبائن,الميزانية
            1213960-سندس محمد,الزبائن,الميزانية
            1213961-حمزة الاحمر,الزبائن,الميزانية
            1213962-سامي 1,الزبائن,الميزانية
            1213963-هنادي الباشا,الزبائن,الميزانية
            1213964-هنادي ابو قش,الزبائن,الميزانية
            1213965-مهند الشلبي,الزبائن,الميزانية
            1213966-فرح عثمان,الزبائن,الميزانية
            1213967-ماهر نعيم,الزبائن,الميزانية
            1213968-محمد الكيلاني,الزبائن,الميزانية
            1213969-ياسر الكيلاني,الزبائن,الميزانية
            121397-سيدرة السرواني,الزبائن,الميزانية
            1213970-انياس احمد,الزبائن,الميزانية
            1213971-رامة عبدالقادر,الزبائن,الميزانية
            1213972-جونيا غويش,الزبائن,الميزانية
            1213973-جنى حليبي,الزبائن,الميزانية
            1213974-هبة كيلاني,الزبائن,الميزانية
            1213975-ام عمار الاحمر,الزبائن,الميزانية
            1213976-ياسمين يونس,الزبائن,الميزانية
            1213977-سارة تتري,الزبائن,الميزانية
            1213978-بو حسين,الزبائن,الميزانية
            1213979-جنى اسعد,الزبائن,الميزانية
            121398-علي سيف,الزبائن,الميزانية
            1213980-عبدالرحمن عبيد,الزبائن,الميزانية
            1213981-ماهر جاموس,الزبائن,الميزانية
            1213982-حسام دردر,الزبائن,الميزانية
            1213983-نور عبيد,الزبائن,الميزانية
            1213984-محمد ميرو,الزبائن,الميزانية
            1213985-شهد دعبول,الزبائن,الميزانية
            1213986-عمر عبدالمجيد,الزبائن,الميزانية
            1213987-افنان الزين,الزبائن,الميزانية
            1213988-ميار كنينه,الزبائن,الميزانية
            1213989-لين عبدالله,الزبائن,الميزانية
            121399-مريم هلال,الزبائن,الميزانية
            1213990-لجن السوادي,الزبائن,الميزانية
            1213991-زينب 420,الزبائن,الميزانية
            1213992-احمد الحبشي 700,الزبائن,الميزانية
            1213993-صالح عساف,الزبائن,الميزانية
            1213994-بشار علي,الزبائن,الميزانية
            1213995-غيث محمود,الزبائن,الميزانية
            1213996-اويس عرفة,الزبائن,الميزانية
            1213997-سارة قديحي,الزبائن,الميزانية
            1213998-محمد الرفاعي 998,الزبائن,الميزانية
            1213999-لؤي الزعتر,الزبائن,الميزانية
            1214-جاد يغمور,الزبائن,الميزانية
            12140-يمنى حجازي,الزبائن,الميزانية
            121400-عايدة صالح,الزبائن,الميزانية
            1214000-محمد مصلح,الزبائن,الميزانية
            1214001-جمال السوادي,الزبائن,الميزانية
            1214002-شيرين بلبل,الزبائن,الميزانية
            1214003-محمد ميرا \,الزبائن,الميزانية
            1214004-موفق هلال,الزبائن,الميزانية
            1214005-محمد سرميجو,الزبائن,الميزانية
            1214006-عبد الله مقصود,الزبائن,الميزانية
            1214007-رين عصام,الزبائن,الميزانية
            1214008-عصام كريز,الزبائن,الميزانية
            1214009-دانا الرفاعي,الزبائن,الميزانية
            121401-ام مروان,الزبائن,الميزانية
            1214010-لمياس دقو,الزبائن,الميزانية
            1214011-يسير فرج,الزبائن,الميزانية
            1214012-عبادة منصور,الزبائن,الميزانية
            1214013-لينا الورد,الزبائن,الميزانية
            1214014-سارة خليل,الزبائن,الميزانية
            1214015-باسل الرفاعي,الزبائن,الميزانية
            1214016-احمد كريز,الزبائن,الميزانية
            1214017-محمد المربد,الزبائن,الميزانية
            1214018-ايثار  الطحان,الزبائن,الميزانية
            1214019-ريتاج السوادي,الزبائن,الميزانية
            121402-خولة حرب,الزبائن,الميزانية
            1214020-خليل تلي,الزبائن,الميزانية
            1214021-ريام دلة,الزبائن,الميزانية
            1214022-ثريا عثمان,الزبائن,الميزانية
            1214023-حنين الصمل,الزبائن,الميزانية
            1214024-روعة ابراهيم,الزبائن,الميزانية
            1214025-زيد الشعار,الزبائن,الميزانية
            1214026-حسن النقيب,الزبائن,الميزانية
            1214027-علي المدور,الزبائن,الميزانية
            1214028-ملاك محيسن,الزبائن,الميزانية
            1214029-تسنيم دء,الزبائن,الميزانية
            121403-مرح شرف,الزبائن,الميزانية
            1214030-براءة الدوسوقي,الزبائن,الميزانية
            1214031-حلا محمد علي,الزبائن,الميزانية
            1214032-شهد عوده,الزبائن,الميزانية
            1214033-اباء السوادي,الزبائن,الميزانية
            1214034-احمد بلبل,الزبائن,الميزانية
            1214035-حنين حبشي,الزبائن,الميزانية
            1214036-جواد حجازي,الزبائن,الميزانية
            1214037-مروان الرفاعي,الزبائن,الميزانية
            1214038-نصار الباشةد,الزبائن,الميزانية
            1214039-غلا عنرنوس,الزبائن,الميزانية
            121404-جودي السبع,الزبائن,الميزانية
            1214040-علي الاحمر,الزبائن,الميزانية
            1214041-محمد خالد,الزبائن,الميزانية
            1214042-امتنان الفرج,الزبائن,الميزانية
            1214043-عبدالله عثمان901,الزبائن,الميزانية
            1214044-رغدة ميرو,الزبائن,الميزانية
            1214045-يوسف قاطون,الزبائن,الميزانية
            1214046-عبد الهادي دله,الزبائن,الميزانية
            1214047-احمد الخرسا,الزبائن,الميزانية
            1214048-عمر حامد,الزبائن,الميزانية
            1214049-لمى وليد,الزبائن,الميزانية
            121405-رزان قرقور,الزبائن,الميزانية
            1214050-محمد الحلبي,الزبائن,الميزانية
            1214051-ابراهيم الاحمر,الزبائن,الميزانية
            1214052-سامي برغلة,الزبائن,الميزانية
            1214053-مجد الاغا,الزبائن,الميزانية
            1214054-ليان الباشا,الزبائن,الميزانية
            1214055-زينب الحبشي,الزبائن,الميزانية
            1214056-يزن الشيخ علي,الزبائن,الميزانية
            1214057-ادهم جاموس,الزبائن,الميزانية
            1214058-احمد فؤاد,الزبائن,الميزانية
            1214059-زياد ابوليل,الزبائن,الميزانية
            121406-زاهر السحلي,الزبائن,الميزانية
            1214060-نورا حبش,الزبائن,الميزانية
            1214061-سميرة نور,الزبائن,الميزانية
            1214062-وسام باشا,الزبائن,الميزانية
            1214063-هيلين الخياط,الزبائن,الميزانية
            1214064-عبدلله كريز,الزبائن,الميزانية
            1214065-امل عثمان,الزبائن,الميزانية
            1214066-شهد دردر,الزبائن,الميزانية
            1214067-نوال فادي,الزبائن,الميزانية
            1214068-جهاد الرفاعي,الزبائن,الميزانية
            1214069-سارة عياش,الزبائن,الميزانية
            121407-فرح برمو,الزبائن,الميزانية
            1214070-ابو الزين,الزبائن,الميزانية
            1214071-زياد سلعس,الزبائن,الميزانية
            1214072-قمر السحلي,الزبائن,الميزانية
            1214073-حذيفه رجي,الزبائن,الميزانية
            1214074-همام صالح المطر,الزبائن,الميزانية
            1214075-بشرى الغضبان,الزبائن,الميزانية
            1214076-رضوان احمد,الزبائن,الميزانية
            1214077-عمر فرحات,الزبائن,الميزانية
            1214078-قصي ساعور,الزبائن,الميزانية
            1214079-براء فرحات,الزبائن,الميزانية
            121408-اسراء الاحمر,الزبائن,الميزانية
            1214080-نادية عبيد,الزبائن,الميزانية
            1214081-عبدالعزيز الموالدي,الزبائن,الميزانية
            1214082-ابراهيم برغلة,الزبائن,الميزانية
            1214083-عفراء صراميجو,الزبائن,الميزانية
            1214084-نور الرفاعي,الزبائن,الميزانية
            1214085-محمد المغرب,الزبائن,الميزانية
            1214086-احمد جيرون,الزبائن,الميزانية
            1214087-قمر امين,الزبائن,الميزانية
            1214088-بيان عبير,الزبائن,الميزانية
            1214089-جمانة السوادي,الزبائن,الميزانية
            121409-مهند طلب,الزبائن,الميزانية
            1214090-عروبة الحبشي,الزبائن,الميزانية
            1214091-ضحى الطحان,الزبائن,الميزانية
            1214092-حسام مرعي,الزبائن,الميزانية
            1214093-ريان الزيني,الزبائن,الميزانية
            1214094-محمد ظاهر 303,الزبائن,الميزانية
            1214095-رزان الحبشي,الزبائن,الميزانية
            1214096-بهاء الرفاعي,الزبائن,الميزانية
            1214097-سامي برغلية,الزبائن,الميزانية
            1214098-سليم عودة,الزبائن,الميزانية
            1214099-اية البطحيش,الزبائن,الميزانية
            12141-طارق جاموس,الزبائن,الميزانية
            121410-علي الرفاعي,الزبائن,الميزانية
            1214100-ريتال عصفور,الزبائن,الميزانية
            1214101-داله مياس,الزبائن,الميزانية
            1214102-سامي عجز,الزبائن,الميزانية
            1214103-حمزة المصري,الزبائن,الميزانية
            1214104-جمال معتوق,الزبائن,الميزانية
            1214105-يمان محمد,الزبائن,الميزانية
            1214106-رائدة الحبشي,الزبائن,الميزانية
            1214107-اية الطحان,الزبائن,الميزانية
            1214108-كرم البدوي,الزبائن,الميزانية
            1214109-فاطمة قرقور,الزبائن,الميزانية
            121411-عماد الاحمر,الزبائن,الميزانية
            1214110-رنيم القصيص,الزبائن,الميزانية
            1214111-الاء سمير,الزبائن,الميزانية
            1214112-هبة برمو,الزبائن,الميزانية
            1214113-سلام اليامن,الزبائن,الميزانية
            1214114-اسيل المحمد,الزبائن,الميزانية
            1214115-تميم صراميجو,الزبائن,الميزانية
            1214116-تالا شومان,الزبائن,الميزانية
            1214117-عبدالرحمن حلوة,الزبائن,الميزانية
            1214118-لجين444,الزبائن,الميزانية
            1214119-حسن ندم,الزبائن,الميزانية
            121412-عبير البيطار,الزبائن,الميزانية
            1214120-مصفى الرفاعي,الزبائن,الميزانية
            1214121-رزان السوادي,الزبائن,الميزانية
            1214122-عبدالمجيد جاموس,الزبائن,الميزانية
            1214123-ولاء بيرقدار,الزبائن,الميزانية
            1214124-وليد حسام,الزبائن,الميزانية
            1214125-ملاك البدوي,الزبائن,الميزانية
            1214126-حلا منيني,الزبائن,الميزانية
            1214127-محمد الحميدي,الزبائن,الميزانية
            1214128-جمانة الخطيب,الزبائن,الميزانية
            1214129-لانا عصام,الزبائن,الميزانية
            121413-حسن عاشور,الزبائن,الميزانية
            1214130-ملاك زعتر,الزبائن,الميزانية
            1214131-مروة ابوقبع,الزبائن,الميزانية
            1214132-تسنيم خنجر,الزبائن,الميزانية
            1214133-محمد فهمي,الزبائن,الميزانية
            1214134-علي غضبان,الزبائن,الميزانية
            1214135-بركات مظلوم,الزبائن,الميزانية
            1214136-عبدالمنعم عصام,الزبائن,الميزانية
            1214137-عبدالله النادي,الزبائن,الميزانية
            1214138-عبدالله السعيد,الزبائن,الميزانية
            1214139-جهاد زينيه,الزبائن,الميزانية
            121414-انس محيسن,الزبائن,الميزانية
            1214140-ايمان الغضبان,الزبائن,الميزانية
            1214141-عبدالعزيز ابوقبع,الزبائن,الميزانية
            1214142-سلطان الصافي,الزبائن,الميزانية
            1214143-ربيع بلش,الزبائن,الميزانية
            1214144-ظلال زعتر,الزبائن,الميزانية
            1214145-روان برمو,الزبائن,الميزانية
            1214146-نور ابراهيم,الزبائن,الميزانية
            1214147-بسام عمرو,الزبائن,الميزانية
            1214148-uf]hgvplk hpl],الزبائن,الميزانية
            1214149-جودي زينه,الزبائن,الميزانية
            121415-حافظ740,الزبائن,الميزانية
            1214150-جوري لبدوي,الزبائن,الميزانية
            1214151-بلال بدوي,الزبائن,الميزانية
            1214152-اسراء قشوم,الزبائن,الميزانية
            1214153-بشار عبدتاحي,الزبائن,الميزانية
            1214154-جمال الاحمد,الزبائن,الميزانية
            1214155-نور تتااااا,الزبائن,الميزانية
            1214156-نور حبشي,الزبائن,الميزانية
            1214157-يوسف فرحات,الزبائن,الميزانية
            1214158-صلاح برغلة,الزبائن,الميزانية
            1214159-طيف عثمان,الزبائن,الميزانية
            121416-عمر منيني,الزبائن,الميزانية
            1214160-محمد حافظ,الزبائن,الميزانية
            1214161-هانية زينب,الزبائن,الميزانية
            1214162-عبدلله حجازي,الزبائن,الميزانية
            1214163-يزن هلال,الزبائن,الميزانية
            1214164-بشار المزروع,الزبائن,الميزانية
            1214165-رياض سنجاب,الزبائن,الميزانية
            1214166-بشرى الرفاعي,الزبائن,الميزانية
            1214167-وليد عبلة,الزبائن,الميزانية
            1214168-نبيل الطحان,الزبائن,الميزانية
            1214169-عبد العزيز صرميجو,الزبائن,الميزانية
            121417-غادة عرنوس,الزبائن,الميزانية
            1214170-اسراء كوكي,الزبائن,الميزانية
            1214171-زينب فرج,الزبائن,الميزانية
            1214172-حسن المصري,الزبائن,الميزانية
            1214173-فرح كريم,الزبائن,الميزانية
            1214174-شهد مالك,الزبائن,الميزانية
            1214175-لمار ايهاب,الزبائن,الميزانية
            1214176-احمد غازي,الزبائن,الميزانية
            1214177-احمد الغازي,الزبائن,الميزانية
            1214178-لمار جاموس,الزبائن,الميزانية
            1214179-مرام جاموس,الزبائن,الميزانية
            121418-امير الزرع,الزبائن,الميزانية
            1214180-علي المصري,الزبائن,الميزانية
            1214181-جواد المظلوم,الزبائن,الميزانية
            1214182-احمد الشامي,الزبائن,الميزانية
            1214183-رهام برغلة,الزبائن,الميزانية
            1214184-احلام بريغش,الزبائن,الميزانية
            1214185-سلسبيل شاكر,الزبائن,الميزانية
            1214186-عمر السحلي,الزبائن,الميزانية
            1214187-لانا برغلية,الزبائن,الميزانية
            1214188-محمد مصفى,الزبائن,الميزانية
            1214189-فرح الخطيب,الزبائن,الميزانية
            121419-عارف الحريري,الزبائن,الميزانية
            1214190-فاطمة الطحان,الزبائن,الميزانية
            1214191-اسماء قشوم,الزبائن,الميزانية
            1214192-لين سيد حصن,الزبائن,الميزانية
            1214193-ملاك التارا,الزبائن,الميزانية
            1214194-كيكي,الزبائن,الميزانية
            1214195-ليلاس دعبول,الزبائن,الميزانية
            1214196-معمر جاموس,الزبائن,الميزانية
            1214197-محمد مغربي,الزبائن,الميزانية
            1214198-فريال الخطيب,الزبائن,الميزانية
            1214199-اقبال الاحمر,الزبائن,الميزانية
            12142-علاء معنيه,الزبائن,الميزانية
            121420-سمية العماري,الزبائن,الميزانية
            1214200-فداء قرقور,الزبائن,الميزانية
            1214201-مؤمنة ابو حسن,الزبائن,الميزانية
            1214202-عمرو السوادي,الزبائن,الميزانية
            1214203-هبة السوادي,الزبائن,الميزانية
            1214204-حسين الدقل,الزبائن,الميزانية
            1214205-عبدالرحمن حجازي,الزبائن,الميزانية
            1214206-هالة المظلوم,الزبائن,الميزانية
            1214207-اية الاسود,الزبائن,الميزانية
            1214208-ياسر برغلة,الزبائن,الميزانية
            1214209-ملار جاموس,الزبائن,الميزانية
            121421-انس الرز,الزبائن,الميزانية
            1214210-بيسان الرانس,الزبائن,الميزانية
            1214211-مصطفى الرفاعي,الزبائن,الميزانية
            1214212-ميسا بريغيش,الزبائن,الميزانية
            1214213-هند عبيد,الزبائن,الميزانية
            1214214-رواد العيسى,الزبائن,الميزانية
            1214215-منال زلمية,الزبائن,الميزانية
            1214216-هبة كلية,الزبائن,الميزانية
            1214217-سدرة محيسن,الزبائن,الميزانية
            1214218-شيماء نض,الزبائن,الميزانية
            1214219-مصفى الصالحانيب,الزبائن,الميزانية
            121422-ادريس سلعس,الزبائن,الميزانية
            1214220-مهند الصالحاني,الزبائن,الميزانية
            1214221-عبدالمحسن طحان,الزبائن,الميزانية
            1214222-خلدون عبدالرحمند,الزبائن,الميزانية
            1214223-يزن تقلس,الزبائن,الميزانية
            1214224-الاء بصلية,الزبائن,الميزانية
            1214225-ليان بشير,الزبائن,الميزانية
            1214226-عبدالمحسن الطحان,الزبائن,الميزانية
            1214227-بنان خير,الزبائن,الميزانية
            1214228-مصعب الاحمر\,الزبائن,الميزانية
            1214229-اريج التارة,الزبائن,الميزانية
            121423-عادل نايف,الزبائن,الميزانية
            1214230-مهند الغضبان,الزبائن,الميزانية
            1214231-غيث الخطاب,الزبائن,الميزانية
            1214232-رشا السوادي,الزبائن,الميزانية
            1214233-لما رجب,الزبائن,الميزانية
            1214234-حسام النعيمي,الزبائن,الميزانية
            1214235-لوليا محدين,الزبائن,الميزانية
            1214236-صالح السوادي,الزبائن,الميزانية
            1214237-منار سعيد,الزبائن,الميزانية
            1214238-سالي عنبرة,الزبائن,الميزانية
            1214239-اروا الاحمر,الزبائن,الميزانية
            121424-طيبة عكل,الزبائن,الميزانية
            1214240-لايان هلال,الزبائن,الميزانية
            1214241-عائشة بكر,الزبائن,الميزانية
            1214242-علي موسى,الزبائن,الميزانية
            1214243-دانا الاحمر,الزبائن,الميزانية
            1214244-رائد الحمصي,الزبائن,الميزانية
            1214245-وليد عبلا,الزبائن,الميزانية
            1214246-اية قصيمي,الزبائن,الميزانية
            1214247-ريماز الخطيب,الزبائن,الميزانية
            1214248-صلاح الدين علعل,الزبائن,الميزانية
            1214249-الاء المصري,الزبائن,الميزانية
            121425-سهر كوراني,الزبائن,الميزانية
            1214250-عبدالله مطر,الزبائن,الميزانية
            1214251-يمنا محيسن,الزبائن,الميزانية
            1214252-راما 00000,الزبائن,الميزانية
            1214253-سناء عربي,الزبائن,الميزانية
            1214254-سراج عبدالفتاح,الزبائن,الميزانية
            1214255-سريان كمال,الزبائن,الميزانية
            1214256-نسرين المنزلجي,الزبائن,الميزانية
            1214257-وعد الزرع,الزبائن,الميزانية
            1214258-رهف حلف,الزبائن,الميزانية
            1214259-مروج اغى,الزبائن,الميزانية
            121426-حسان الحبشي,الزبائن,الميزانية
            1214260-ليان عبيد,الزبائن,الميزانية
            1214261-فاتن سحلي,الزبائن,الميزانية
            1214262-بيسان قسوم,الزبائن,الميزانية
            1214263-محمد الحسن,الزبائن,الميزانية
            1214264-حسين 7777,الزبائن,الميزانية
            1214265-عائشة البدوي,الزبائن,الميزانية
            1214266-لين المارديني,الزبائن,الميزانية
            1214267-كرم بريغيش,الزبائن,الميزانية
            1214268-جهان سلعس,الزبائن,الميزانية
            1214269-ليان الاطرش,الزبائن,الميزانية
            121427-مصعب سلعس,الزبائن,الميزانية
            1214270-ام فصيل جاموس,الزبائن,الميزانية
            1214271-مؤمن موالدي,الزبائن,الميزانية
            1214272-طارق بيضه,الزبائن,الميزانية
            1214273-محمود الخواجه,الزبائن,الميزانية
            1214274-فاطمة خالد,الزبائن,الميزانية
            1214275-رهف سلام,الزبائن,الميزانية
            1214276-مؤمن عرنوس,الزبائن,الميزانية
            1214277-عمرو ازمرلي,الزبائن,الميزانية
            1214278-عمار الدبس,الزبائن,الميزانية
            1214279-رفيف الخطيب,الزبائن,الميزانية
            121428-عدي قسيمي,الزبائن,الميزانية
            1214280-جوري ضاهر,الزبائن,الميزانية
            1214281-رهف سالم,الزبائن,الميزانية
            1214282-عمر النجم,الزبائن,الميزانية
            1214283-سيدرا الغبرة,الزبائن,الميزانية
            1214284-جعفر الشلبي,الزبائن,الميزانية
            1214285-حاتم صالح,الزبائن,الميزانية
            1214286-براء ابو زيد,الزبائن,الميزانية
            1214287-عمر الرفاعي,الزبائن,الميزانية
            1214288-مريم علي,الزبائن,الميزانية
            1214289-هند الاحمر,الزبائن,الميزانية
            121429-مريم عثمان,الزبائن,الميزانية
            1214290-فرح الاحمر,الزبائن,الميزانية
            1214291-انين الرفاعي,الزبائن,الميزانية
            1214292-حنين الحبشي,الزبائن,الميزانية
            1214293-هدى ابو زيد,الزبائن,الميزانية
            1214294-مصطفى بدوي,الزبائن,الميزانية
            1214295-ضحى سعود,الزبائن,الميزانية
            1214296-تالا مغربي,الزبائن,الميزانية
            1214297-احمد قرقور 2,الزبائن,الميزانية
            1214298-شهد زعتر,الزبائن,الميزانية
            1214299-وارفه دقو,الزبائن,الميزانية
            12143-رشا الزارع,الزبائن,الميزانية
            121430-عائشه الاحمر,الزبائن,الميزانية
            1214300-حيدر حمدان,الزبائن,الميزانية
            1214301-وسيم مارديني,الزبائن,الميزانية
            1214302-ملاك حسين 00,الزبائن,الميزانية
            1214303-رامي سلعس,الزبائن,الميزانية
            1214304-نور الحوزاني,الزبائن,الميزانية
            1214305-سارة السحلي,الزبائن,الميزانية
            1214306-محمود  خروس,الزبائن,الميزانية
            1214307-نجم الدين,الزبائن,الميزانية
            1214308-رزان عبون,الزبائن,الميزانية
            1214309-اسامة صفوان,الزبائن,الميزانية
            121431-مايا شاهين,الزبائن,الميزانية
            1214310-رامي العص,الزبائن,الميزانية
            1214311-مارضي يقلي اسمو,الزبائن,الميزانية
            1214312-عبدالله صالح,الزبائن,الميزانية
            1214313-صفاء الحبشي,الزبائن,الميزانية
            1214314-مهاران عرنوس,الزبائن,الميزانية
            1214315-سيراج عبد الفتاح,الزبائن,الميزانية
            1214316-د اسامة,الزبائن,الميزانية
            1214317-سلام درمش,الزبائن,الميزانية
            1214318-معمر عثمان,الزبائن,الميزانية
            1214319-سارة الباشا,الزبائن,الميزانية
            121432-امين قسيمي,الزبائن,الميزانية
            1214320-سعاد امونة,الزبائن,الميزانية
            1214321-علي هلال,الزبائن,الميزانية
            1214322-عاهدة عبدو,الزبائن,الميزانية
            1214323-يوسف محمد باسل حوراني,الزبائن,الميزانية
            1214324-بشار ضاحية,الزبائن,الميزانية
            1214325-احمد ابو قبع,الزبائن,الميزانية
            1214326-ماريا تقلس,الزبائن,الميزانية
            1214327-شمس الحاج,الزبائن,الميزانية
            1214328-نريمان الاغبر,الزبائن,الميزانية
            1214329-تميم عبدالرئوف,الزبائن,الميزانية
            121433-شام ابو قش,الزبائن,الميزانية
            1214330-هبة القصيص,الزبائن,الميزانية
            1214331-راما القصيص,الزبائن,الميزانية
            1214332-سليمان خليل,الزبائن,الميزانية
            1214333-مصطفى تالس,الزبائن,الميزانية
            1214334-عبدالعزيز الباشا,الزبائن,الميزانية
            1214335-احمد عمر,الزبائن,الميزانية
            1214336-تسنيم شحادة,الزبائن,الميزانية
            1214337-لجين الغبرة,الزبائن,الميزانية
            1214338-عبدالهادي السوادي,الزبائن,الميزانية
            1214339-بيلسان الخطيب,الزبائن,الميزانية
            121434-محمود رضوان,الزبائن,الميزانية
            1214340-سلمى العرنوس,الزبائن,الميزانية
            1214341-المهندس غيث,الزبائن,الميزانية
            1214342-كوقر صالح,الزبائن,الميزانية
            1214343-بلقيس غويش,الزبائن,الميزانية
            1214344-ليان سعيد,الزبائن,الميزانية
            1214345-بيان غويش,الزبائن,الميزانية
            1214346-هنادي بشير,الزبائن,الميزانية
            1214347-شيماء طعان,الزبائن,الميزانية
            1214348-هبة جبارة,الزبائن,الميزانية
            1214349-جميلة خلف,الزبائن,الميزانية
            121435-رغد الموف,الزبائن,الميزانية
            1214350-هاجر عبود,الزبائن,الميزانية
            1214351-علي بيضة,الزبائن,الميزانية
            1214352-عبيدة شربط,الزبائن,الميزانية
            1214353-عمر شلبي,الزبائن,الميزانية
            1214354-فادي شاهين,الزبائن,الميزانية
            1214355-افنان بلش,الزبائن,الميزانية
            1214356-ليان الغضبان,الزبائن,الميزانية
            1214357-محمد كريز 581,الزبائن,الميزانية
            1214358-حازم سمور,الزبائن,الميزانية
            1214359-رينال حجازي,الزبائن,الميزانية
            121436-رهام طحينة,الزبائن,الميزانية
            1214360-هلا,الزبائن,الميزانية
            1214361-الاشقر,الزبائن,الميزانية
            1214362-مجد بيازيد,الزبائن,الميزانية
            1214363-تيم الله,الزبائن,الميزانية
            1214364-سلمان غزال,الزبائن,الميزانية
            1214365-محمد حجة,الزبائن,الميزانية
            1214366-يزن الرفاعي,الزبائن,الميزانية
            1214367-خالد النفوري,الزبائن,الميزانية
            1214368-رحاب برغلة,الزبائن,الميزانية
            1214369-عاصم عرنوس,الزبائن,الميزانية
            121437-احمد عزت,الزبائن,الميزانية
            1214370-حمزة شلبي,الزبائن,الميزانية
            1214371-سيرين كمال,الزبائن,الميزانية
            1214372-مجاهد غويش,الزبائن,الميزانية
            1214373-محمد خباز,الزبائن,الميزانية
            1214374-هلا الزين,الزبائن,الميزانية
            1214375-هبة غويش,الزبائن,الميزانية
            1214376-ايه حيدور,الزبائن,الميزانية
            1214377-مصطفى الغبرة,الزبائن,الميزانية
            1214378-حسن الغانم,الزبائن,الميزانية
            1214379-لؤثي بشير,الزبائن,الميزانية
            121438-امنة جاموس,الزبائن,الميزانية
            1214380-جمانا جاموس,الزبائن,الميزانية
            1214381-احمد عوض,الزبائن,الميزانية
            1214382-احمد جاموس388,الزبائن,الميزانية
            1214383-شهد طلب,الزبائن,الميزانية
            1214384-هناء الغضبان,الزبائن,الميزانية
            1214385-هند عبدالباري,الزبائن,الميزانية
            1214386-خالد السوادي,الزبائن,الميزانية
            1214387-ميمونة قحف,الزبائن,الميزانية
            1214388-سارة قرينة,الزبائن,الميزانية
            1214389-حسين لاتوم,الزبائن,الميزانية
            121439-محمد العوام,الزبائن,الميزانية
            1214390-لجين قحف,الزبائن,الميزانية
            1214391-راما البطحيش,الزبائن,الميزانية
            1214392-مراد الرفاعي,الزبائن,الميزانية
            1214393-مريم سعود,الزبائن,الميزانية
            1214394-نزار البدوي,الزبائن,الميزانية
            1214395-تسنيم بركات,الزبائن,الميزانية
            1214396-تسنيم هلال,الزبائن,الميزانية
            1214397-طيبة جمعة,الزبائن,الميزانية
            1214398-زياد رمضان,الزبائن,الميزانية
            1214399-رؤى صالح,الزبائن,الميزانية
            12144-قمر كريز,الزبائن,الميزانية
            121440-لجين جاموس,الزبائن,الميزانية
            1214400-محمد الدلة,الزبائن,الميزانية
            1214401-ماسة ابو قش,الزبائن,الميزانية
            1214402-رضا الموق,الزبائن,الميزانية
            1214403-حسام اغا,الزبائن,الميزانية
            1214404-عبادة حجازي,الزبائن,الميزانية
            1214405-احمد مشوح,الزبائن,الميزانية
            1214406-صالحة خلوف,الزبائن,الميزانية
            1214407-شيماء كوانيني,الزبائن,الميزانية
            1214408-الاء صالح 9119,الزبائن,الميزانية
            1214409-نزار بلبل,الزبائن,الميزانية
            121441-لماء ابو حسن,الزبائن,الميزانية
            1214410-تسنيم ابو ضاهر,الزبائن,الميزانية
            1214411-بتول 995,الزبائن,الميزانية
            1214412-تقى العبيدي,الزبائن,الميزانية
            1214413-مجد سلعس,الزبائن,الميزانية
            1214414-مايا حمود,الزبائن,الميزانية
            1214415-راما صلاح,الزبائن,الميزانية
            1214416-محمد عمر,الزبائن,الميزانية
            1214417-ماسة الشلبي,الزبائن,الميزانية
            1214418-مالك ابراهيم,الزبائن,الميزانية
            1214419-عبدالرحمن بربور,الزبائن,الميزانية
            121442-خديجة جيرون,الزبائن,الميزانية
            1214420-صفاء كنينة,الزبائن,الميزانية
            1214421-فاطمة حجازي,الزبائن,الميزانية
            1214422-باسل زرقا,الزبائن,الميزانية
            1214423-امنة ميرو,الزبائن,الميزانية
            1214424-قصي البدوي,الزبائن,الميزانية
            1214425-احمد حسن 828,الزبائن,الميزانية
            1214426-ملهم الخطيب,الزبائن,الميزانية
            1214427-جهان الحبشي,الزبائن,الميزانية
            1214428-براء جاموس,الزبائن,الميزانية
            1214429-ريم المزروع,الزبائن,الميزانية
            121443-ايناس الشلبي,الزبائن,الميزانية
            1214430-تالا الخحازي,الزبائن,الميزانية
            1214431-اليسار الغبرة,الزبائن,الميزانية
            1214432-تالا حجازي,الزبائن,الميزانية
            1214433-فاطمة معدنلي,الزبائن,الميزانية
            1214434-عبداللطيف السوادي,الزبائن,الميزانية
            1214435-مؤيد البزال,الزبائن,الميزانية
            1214436-ليث السوادي,الزبائن,الميزانية
            1214437-عبدالله الصفدي,الزبائن,الميزانية
            1214438-نور بيروتي,الزبائن,الميزانية
            1214439-عبد العزيز عبد الفتاح,الزبائن,الميزانية
            121444-ميرال معتوق,الزبائن,الميزانية
            1214440-زهير طحان,الزبائن,الميزانية
            1214441-عبد المجيد فياض,الزبائن,الميزانية
            1214442-ليان فرحات,الزبائن,الميزانية
            1214443-المشفى,الزبائن,الميزانية
            1214444-سيدرة النجرس,الزبائن,الميزانية
            1214445-نور خنجر,الزبائن,الميزانية
            1214446-اماني كيلاني,الزبائن,الميزانية
            1214447-نور زهرية,الزبائن,الميزانية
            1214448-احمد طلب,الزبائن,الميزانية
            1214449-صالح حورية,الزبائن,الميزانية
            121445-اية مصمص,الزبائن,الميزانية
            1214450-اسلام سعيد,الزبائن,الميزانية
            1214451-عبيدة سلعس,الزبائن,الميزانية
            1214452-رغد بشير,الزبائن,الميزانية
            1214453-موسى يوسف,الزبائن,الميزانية
            1214454-جواد جهاد,الزبائن,الميزانية
            1214455-رفعت,الزبائن,الميزانية
            1214456-راما دعموش,الزبائن,الميزانية
            1214457-حلدون سكري,الزبائن,الميزانية
            1214458-دانة السليمان,الزبائن,الميزانية
            1214459-اسماء الشامي,الزبائن,الميزانية
            121446-ليمار نعمان,الزبائن,الميزانية
            1214460-ايمان الصلاحي,الزبائن,الميزانية
            1214461-احسان الشيخ,الزبائن,الميزانية
            1214462-سليمان غويش,الزبائن,الميزانية
            1214463-جودت مقسوم,الزبائن,الميزانية
            1214464-مؤيد حجازي,الزبائن,الميزانية
            1214465-اسراء صالح,الزبائن,الميزانية
            1214466-اروى الشيخ,الزبائن,الميزانية
            1214467-عبدالواحد ابو خرمه,الزبائن,الميزانية
            1214468-ناجي الخطيب,الزبائن,الميزانية
            1214469-عبدالله السمان,الزبائن,الميزانية
            121447-راما مجلي,الزبائن,الميزانية
            1214470-عبدالمعين الميثاوي,الزبائن,الميزانية
            1214471-بشرى رجب,الزبائن,الميزانية
            1214472-ضياء حسن,الزبائن,الميزانية
            1214473-عبدالرحمن السوادي,الزبائن,الميزانية
            1214474-لين قطيمش,الزبائن,الميزانية
            1214475-ابراهيم كنينة,الزبائن,الميزانية
            1214476-محمد عبدالكريم,الزبائن,الميزانية
            1214477-براءة سمير,الزبائن,الميزانية
            1214478-صادق الاحمر,الزبائن,الميزانية
            1214479-سرين كمال,الزبائن,الميزانية
            121448-نور البدوي,الزبائن,الميزانية
            1214480-راما خالد,الزبائن,الميزانية
            1214481-بلال الحطيب,الزبائن,الميزانية
            1214482-ضميرية,الزبائن,الميزانية
            1214483-اسيل الخطيب,الزبائن,الميزانية
            1214484-عامر الشوى,الزبائن,الميزانية
            1214485-ريماز جميل,الزبائن,الميزانية
            1214486-سالم ماهر,الزبائن,الميزانية
            1214487-لميس ابراهيم,الزبائن,الميزانية
            1214488-فاطمة خروس,الزبائن,الميزانية
            1214489-ابو انس,الزبائن,الميزانية
            121449-الاء صالح,الزبائن,الميزانية
            1214490-ليماس,الزبائن,الميزانية
            1214491-احلام دقاق,الزبائن,الميزانية
            1214492-ابو فايز,الزبائن,الميزانية
            1214493-مصطفى حبش,الزبائن,الميزانية
            1214494-نور حجازي,الزبائن,الميزانية
            1214495-عبدالرحمن دردر,الزبائن,الميزانية
            1214496-حنان عرنوس,الزبائن,الميزانية
            1214497-عبير الغبرة,الزبائن,الميزانية
            1214498-عبدالغني الكيلاني,الزبائن,الميزانية
            1214499-ابو عمر000,الزبائن,الميزانية
            12145-بدر الدين الغضبان,الزبائن,الميزانية
            121450-ميساء ملاح,الزبائن,الميزانية
            1214500-الاء عبلة,الزبائن,الميزانية
            1214501-زينب محيسن,الزبائن,الميزانية
            1214502-خلية السوادي,الزبائن,الميزانية
            1214503-ايه ابوحسن,الزبائن,الميزانية
            1214504-ليان الغصبان,الزبائن,الميزانية
            1214505-بشرى احمد,الزبائن,الميزانية
            1214506-موفق الخطيب,الزبائن,الميزانية
            1214507-ساءلا غضبان,الزبائن,الميزانية
            1214508-محمد معتوه,الزبائن,الميزانية
            1214509-مستر بلال,الزبائن,الميزانية
            121451-عبدالله,الزبائن,الميزانية
            1214510-منيرة الاحمر,الزبائن,الميزانية
            1214511-لين الحوراني,الزبائن,الميزانية
            1214512-ريما هلال,الزبائن,الميزانية
            1214513-بدر فرحات,الزبائن,الميزانية
            1214514-اماني الكيلاني,الزبائن,الميزانية
            1214515-براءة بعبوش,الزبائن,الميزانية
            1214516-عبد اللطيف كبريت,الزبائن,الميزانية
            1214517-بتول بلبل,الزبائن,الميزانية
            1214518-حسام ابو ضاهر,الزبائن,الميزانية
            1214519-ريدان عثمان,الزبائن,الميزانية
            121452-هنا صبرا,الزبائن,الميزانية
            1214520-شهد موسى,الزبائن,الميزانية
            1214521-فرح عماد الدين,الزبائن,الميزانية
            1214522-زينة طلب,الزبائن,الميزانية
            1214523-محمد سفاف,الزبائن,الميزانية
            1214524-روان الاحمر,الزبائن,الميزانية
            1214525-ميلاد ابوحسن,الزبائن,الميزانية
            1214526-راما عبدالقادر,الزبائن,الميزانية
            1214527-عبدالرحمن اللحام,الزبائن,الميزانية
            1214528-مريم خليفة,الزبائن,الميزانية
            1214529-هيثم حيسن,الزبائن,الميزانية
            121453-عمر برغلة,الزبائن,الميزانية
            1214530-عبدالقادر000,الزبائن,الميزانية
            1214531-عبدالعزيز رضا جميل,الزبائن,الميزانية
            1214532-احمد عوام,الزبائن,الميزانية
            1214533-لجين قاحف,الزبائن,الميزانية
            1214534-عبدالهادي حلال,الزبائن,الميزانية
            1214535-يحيى صالح,الزبائن,الميزانية
            1214536-تهاني عرنوس,الزبائن,الميزانية
            1214537-محمد جميلة,الزبائن,الميزانية
            1214538-هشام صالح,الزبائن,الميزانية
            1214539-بشرى السوادي,الزبائن,الميزانية
            121454-اكرم الطحان,الزبائن,الميزانية
            1214540-مجد الشلبي,الزبائن,الميزانية
            1214541-ماري فضة,الزبائن,الميزانية
            1214542-هند غويش,الزبائن,الميزانية
            1214543-رئى صالح,الزبائن,الميزانية
            1214544-عبدلله بريغش,الزبائن,الميزانية
            1214545-عمرو الازبكي,الزبائن,الميزانية
            1214546-مئمون اديب,الزبائن,الميزانية
            1214547-ياسين الغضبان,الزبائن,الميزانية
            1214548-امل الاحمر,الزبائن,الميزانية
            1214549-حمزة حمادة,الزبائن,الميزانية
            121455-بلال ابو قبع,الزبائن,الميزانية
            1214550-محمد يونس,الزبائن,الميزانية
            1214551-سيرين رمضان,الزبائن,الميزانية
            1214552-حنين حجازي,الزبائن,الميزانية
            1214553-درويش محيسن,الزبائن,الميزانية
            1214554-انوار حجازي,الزبائن,الميزانية
            1214555-نور الدين محمد سعيد,الزبائن,الميزانية
            1214556-فارس الزرع,الزبائن,الميزانية
            1214557-تماضر صالح,الزبائن,الميزانية
            1214558-تسنيم محمد,الزبائن,الميزانية
            1214559-مصطفى ادلبي,الزبائن,الميزانية
            121456-احمد الزرع,الزبائن,الميزانية
            1214560-سارة الاغبر,الزبائن,الميزانية
            1214561-شهد طحان,الزبائن,الميزانية
            1214562-نهلة حجازي,الزبائن,الميزانية
            1214563-جواهر  الرفاعي,الزبائن,الميزانية
            1214564-عبد المجيد محمد,الزبائن,الميزانية
            1214565-اسراء سعيد,الزبائن,الميزانية
            1214566-دعاء اللاذقاني,الزبائن,الميزانية
            1214567-شهد غزال,الزبائن,الميزانية
            1214568-هديل تركوش,الزبائن,الميزانية
            1214569-اريج الاحمر,الزبائن,الميزانية
            121457-مرام الرفاعي,الزبائن,الميزانية
            1214570-عبدلله الرفاعي,الزبائن,الميزانية
            1214571-ريان العدوي,الزبائن,الميزانية
            1214572-سنا حلاق,الزبائن,الميزانية
            1214573-سارة حجازي,الزبائن,الميزانية
            1214574-محمد حسان,الزبائن,الميزانية
            1214575-عيد رفاعيا,الزبائن,الميزانية
            1214576-بسام مسلم,الزبائن,الميزانية
            1214577-عبود احمد,الزبائن,الميزانية
            1214578-حلا العلي,الزبائن,الميزانية
            1214579-سارة الكريم,الزبائن,الميزانية
            121458-جودي قرطومة,الزبائن,الميزانية
            1214580-الاء محيسن,الزبائن,الميزانية
            1214581-محمد العليوي,الزبائن,الميزانية
            1214582-لجين طلب,الزبائن,الميزانية
            1214583-لانا عبدالرزاق,الزبائن,الميزانية
            1214584-عبدالعزيز المطلق,الزبائن,الميزانية
            1214585-صفوان يرغلة,الزبائن,الميزانية
            1214586-محمد العلوي,الزبائن,الميزانية
            1214587-نسيبة العص,الزبائن,الميزانية
            1214588-امنة برغلة,الزبائن,الميزانية
            1214589-سندس الرفاعي,الزبائن,الميزانية
            121459-مجد دغموش,الزبائن,الميزانية
            1214590-ام مؤمن,الزبائن,الميزانية
            1214591-عبدالرحمن شعبان,الزبائن,الميزانية
            1214592-شادن تقلس,الزبائن,الميزانية
            1214593-حنان وليد,الزبائن,الميزانية
            1214594-فاطمة الرفاعي,الزبائن,الميزانية
            1214595-ايهاب غويش,الزبائن,الميزانية
            1214596-ام طارق الكيلاني,الزبائن,الميزانية
            1214597-ام انس الطحان,الزبائن,الميزانية
            1214598-ام جواد,الزبائن,الميزانية
            1214599-احمد عرنوس,الزبائن,الميزانية
            12146-يوسف محي الدين,الزبائن,الميزانية
            121460-يسرى حبش,الزبائن,الميزانية
            1214600-تالا زريق,الزبائن,الميزانية
            1214601-حلا بكير,الزبائن,الميزانية
            1214602-منير البدوي,الزبائن,الميزانية
            1214603-عاهده عابدة,الزبائن,الميزانية
            1214604-عروة شيتي,الزبائن,الميزانية
            1214605-هبة ابو قش,الزبائن,الميزانية
            1214606-بتول ناجي,الزبائن,الميزانية
            1214607-مها سلعس,الزبائن,الميزانية
            1214608-رزان صلاح,الزبائن,الميزانية
            1214609-محمد صرميجو,الزبائن,الميزانية
            121461-قاسم الطحان,الزبائن,الميزانية
            1214610-نزير خالد,الزبائن,الميزانية
            1214611-ملاز محمد,الزبائن,الميزانية
            1214612-سلام درموش,الزبائن,الميزانية
            1214613-اروى حسان,الزبائن,الميزانية
            1214614-مازن غضبان,الزبائن,الميزانية
            1214615-شيماء البطحيش,الزبائن,الميزانية
            1214616-اية قوسيمي,الزبائن,الميزانية
            1214617-ندى الموسى,الزبائن,الميزانية
            1214618-حنان دخان,الزبائن,الميزانية
            1214619-طارق بيضة,الزبائن,الميزانية
            121462-ياسر مغربي,الزبائن,الميزانية
            1214620-ابو سلطان ابو قبع,الزبائن,الميزانية
            1214621-كرم مصطفى,الزبائن,الميزانية
            1214622-عايشة كريز,الزبائن,الميزانية
            1214623-حازم عماد,الزبائن,الميزانية
            1214624-غيث ابو حسن,الزبائن,الميزانية
            1214625-مجمود عبد الجليل,الزبائن,الميزانية
            1214626-امنه جاموس,الزبائن,الميزانية
            1214627-ميس حبش,الزبائن,الميزانية
            1214628-عمار هواري,الزبائن,الميزانية
            1214629-ام زياد محيسن,الزبائن,الميزانية
            121463-سارة,الزبائن,الميزانية
            1214630-هيثم الحبشي,الزبائن,الميزانية
            1214631-هيام الحبشي,الزبائن,الميزانية
            1214632-معاد بصلة,الزبائن,الميزانية
            1214633-وليد عرنة,الزبائن,الميزانية
            1214634-يمان ميرو,الزبائن,الميزانية
            1214635-مؤمنة حجازي,الزبائن,الميزانية
            1214636-ريماس بلبل,الزبائن,الميزانية
            1214637-زهراء سميطة,الزبائن,الميزانية
            1214638-منى صيرة,الزبائن,الميزانية
            1214639-خالد الشلبي,الزبائن,الميزانية
            121464-عبد الغني,الزبائن,الميزانية
            1214640-راما ابو قبع,الزبائن,الميزانية
            1214641-ايات عبدالواحد,الزبائن,الميزانية
            1214642-اية ابو الوفا,الزبائن,الميزانية
            1214643-داليا صالح,الزبائن,الميزانية
            1214644-رؤى كريز 2,الزبائن,الميزانية
            1214645-منال الحلال,الزبائن,الميزانية
            1214646-رزان حمودة,الزبائن,الميزانية
            1214647-حمزة كريز,الزبائن,الميزانية
            1214648-تقوى صالح,الزبائن,الميزانية
            1214649-محمد رجب,الزبائن,الميزانية
            121465-مياس الرفاعي,الزبائن,الميزانية
            1214650-محمد عاصي,الزبائن,الميزانية
            1214651-يمان زينية,الزبائن,الميزانية
            1214652-دانية عربي,الزبائن,الميزانية
            1214653-محمد نور الاحمد,الزبائن,الميزانية
            1214654-روان الاحمر 234,الزبائن,الميزانية
            1214655-مروان الاحمر,الزبائن,الميزانية
            1214656-علي ناجي,الزبائن,الميزانية
            1214657-قاسم غماز,الزبائن,الميزانية
            1214658-يمنا معنين,الزبائن,الميزانية
            1214659-عبدلله الشلبي,الزبائن,الميزانية
            121466-سارة معروف,الزبائن,الميزانية
            1214660-ام مصعب,الزبائن,الميزانية
            1214661-جهاد نابلسي,الزبائن,الميزانية
            1214662-طارق علي,الزبائن,الميزانية
            1214663-محمد نوفل,الزبائن,الميزانية
            1214664-ملهم عصفور,الزبائن,الميزانية
            1214665-الاء عابدة,الزبائن,الميزانية
            1214666-محمد مدني,الزبائن,الميزانية
            1214667-بتول السحلي,الزبائن,الميزانية
            1214668-حربة الجازي,الزبائن,الميزانية
            1214669-حلا هلال,الزبائن,الميزانية
            121467-لؤي السوادي,الزبائن,الميزانية
            1214670-صهيب سالم,الزبائن,الميزانية
            1214671-نور بيازيد,الزبائن,الميزانية
            1214672-ياسر الحنش,الزبائن,الميزانية
            1214673-سيدار الاغا,الزبائن,الميزانية
            1214674-ياسمين البدوي,الزبائن,الميزانية
            1214675-مرام معتوق,الزبائن,الميزانية
            1214676-عمر سلعس,الزبائن,الميزانية
            1214677-انس عابدة,الزبائن,الميزانية
            1214678-عفراء الهندي,الزبائن,الميزانية
            1214679-عبد الرحمن صالح,الزبائن,الميزانية
            121468-جنى الشلبي,الزبائن,الميزانية
            1214680-رنا جميل,الزبائن,الميزانية
            1214681-مهند عبد ربه,الزبائن,الميزانية
            1214682-تسنيم عمار,الزبائن,الميزانية
            1214683-مريم عبدالغني,الزبائن,الميزانية
            1214684-جودي الشلبي,الزبائن,الميزانية
            1214685-مرام بيان,الزبائن,الميزانية
            1214686-بدر جاموس,الزبائن,الميزانية
            1214687-احمد خالد,الزبائن,الميزانية
            1214688-انس الحمود,الزبائن,الميزانية
            1214689-جاد الفحام,الزبائن,الميزانية
            121469-عمر محيسن,الزبائن,الميزانية
            1214690-غنى الحليبي,الزبائن,الميزانية
            1214691-براءة المصري,الزبائن,الميزانية
            1214692-عهد جبول,الزبائن,الميزانية
            1214693-عبدالرؤف الرفاعي,الزبائن,الميزانية
            1214694-عبد الكريم العطا,الزبائن,الميزانية
            1214695-يزن الميرزا,الزبائن,الميزانية
            1214696-عاطف القهوجي,الزبائن,الميزانية
            1214697-ام مجد,الزبائن,الميزانية
            1214698-انور عدلة,الزبائن,الميزانية
            1214699-عدنان الحسن,الزبائن,الميزانية
            12147-الاء ابو قش,الزبائن,الميزانية
            121470-شام عصفور,الزبائن,الميزانية
            1214700-ايهم عبدالقادر,الزبائن,الميزانية
            1214701-محمد عماد,الزبائن,الميزانية
            1214702-قاسم حمودة,الزبائن,الميزانية
            1214703-معاز حمادة,الزبائن,الميزانية
            1214704-حميد عابدة,الزبائن,الميزانية
            1214705-صالح الاحمر,الزبائن,الميزانية
            1214706-وفاء خروس,الزبائن,الميزانية
            1214707-مياس عبدالواحد,الزبائن,الميزانية
            1214708-اياد جاموس,الزبائن,الميزانية
            1214709-سدرا بريغش,الزبائن,الميزانية
            121471-يزن محمد,الزبائن,الميزانية
            1214710-عمر عماد البصلة,الزبائن,الميزانية
            1214711-جواد جيبون,الزبائن,الميزانية
            1214712-محمد الحافظ,الزبائن,الميزانية
            1214713-شريف كلثم,الزبائن,الميزانية
            1214714-براء البراء,الزبائن,الميزانية
            1214715-مرام الخطيب,الزبائن,الميزانية
            1214716-منار عبدالحكيم,الزبائن,الميزانية
            1214717-مازن الغضبان,الزبائن,الميزانية
            1214718-يسرى نسب,الزبائن,الميزانية
            1214719-عبد الله الشلبي,الزبائن,الميزانية
            121472-سيرين الطحان,الزبائن,الميزانية
            1214720-مايا النعمان,الزبائن,الميزانية
            1214721-نوال صمور,الزبائن,الميزانية
            1214722-اياد حاموس,الزبائن,الميزانية
            1214723-عمر قشوم,الزبائن,الميزانية
            1214724-اسيد السمان,الزبائن,الميزانية
            1214725-علي ياسمينة,الزبائن,الميزانية
            1214726-عز الدين حسن,الزبائن,الميزانية
            1214727-سلام حجازي,الزبائن,الميزانية
            1214728-اية نجمي,الزبائن,الميزانية
            1214729-محمود الزعبي,الزبائن,الميزانية
            121473-بشر تقلس,الزبائن,الميزانية
            1214730-لمار نابوش,الزبائن,الميزانية
            1214731-اروى ابو,الزبائن,الميزانية
            1214732-هبه القسيمي,الزبائن,الميزانية
            1214733-عمران طعمة,الزبائن,الميزانية
            1214734-علي شيخ طلب,الزبائن,الميزانية
            1214735-علي رضوان,الزبائن,الميزانية
            1214736-اسماء عثمان,الزبائن,الميزانية
            1214737-مجد حمودة,الزبائن,الميزانية
            1214738-غزل نسب,الزبائن,الميزانية
            1214739-لارين عثمان,الزبائن,الميزانية
            121474-هبة محمد,الزبائن,الميزانية
            1214740-ليلاس لادقاني,الزبائن,الميزانية
            1214741-الخطيب,الزبائن,الميزانية
            1214742-تقى صالح,الزبائن,الميزانية
            1214743-علا الموهيباني,الزبائن,الميزانية
            1214744-حسن الباشا,الزبائن,الميزانية
            1214745-مرهف اسامة,الزبائن,الميزانية
            1214746-مالك بعيون,الزبائن,الميزانية
            1214747-سندس خولة,الزبائن,الميزانية
            1214748-حسام ابوقش,الزبائن,الميزانية
            1214749-غيث سعد,الزبائن,الميزانية
            121475-بتول الرفاعي,الزبائن,الميزانية
            1214750-فاطمة الاطرش,الزبائن,الميزانية
            1214751-سيدرة عبلا,الزبائن,الميزانية
            1214752-سليمان محمد,الزبائن,الميزانية
            1214753-طيبة غضبان,الزبائن,الميزانية
            1214754-سلمان عرنوس,الزبائن,الميزانية
            1214755-امنه زين,الزبائن,الميزانية
            1214756-محمد شميس,الزبائن,الميزانية
            1214757-عمران الشلبي,الزبائن,الميزانية
            1214758-اريج الدرزي,الزبائن,الميزانية
            1214759-مروة الخطيب,الزبائن,الميزانية
            121476-شوق البصلة,الزبائن,الميزانية
            1214760-رغد عبدالسلام,الزبائن,الميزانية
            1214761-ياسر الشلبي,الزبائن,الميزانية
            1214762-لياان,الزبائن,الميزانية
            1214763-مرام عثمان,الزبائن,الميزانية
            1214764-سيدرة سلعس,الزبائن,الميزانية
            1214765-شادي هواري,الزبائن,الميزانية
            1214766-سيدرا طلب,الزبائن,الميزانية
            1214767-رنيم البدوي,الزبائن,الميزانية
            1214768-رغداء المغربي,الزبائن,الميزانية
            1214769-حلا الحبشي,الزبائن,الميزانية
            121477-براء البج,الزبائن,الميزانية
            1214770-هنادي الحاج محمد,الزبائن,الميزانية
            1214771-بتول جاموس,الزبائن,الميزانية
            1214772-جمانة جاموس,الزبائن,الميزانية
            1214773-وسام التلاوي,الزبائن,الميزانية
            1214774-ايمن عبيدات,الزبائن,الميزانية
            1214775-شهد وفا,الزبائن,الميزانية
            1214776-ايمن عبيدان,الزبائن,الميزانية
            1214777-max,الزبائن,الميزانية
            1214778-حنين كلثم,الزبائن,الميزانية
            1214779-شهد مصلح,الزبائن,الميزانية
            121478-ميساء,الزبائن,الميزانية
            1214780-صفاء درباع,الزبائن,الميزانية
            1214781-جواد اللادقاني,الزبائن,الميزانية
            1214782-فاطمة الغبرة,الزبائن,الميزانية
            1214783-حسن محمد,الزبائن,الميزانية
            1214784-ميس العرنوس,الزبائن,الميزانية
            1214785-نور الدين المصري,الزبائن,الميزانية
            1214786-محمد نواف,الزبائن,الميزانية
            1214787-شيرين ابج,الزبائن,الميزانية
            1214788-جواد اللاذقاني,الزبائن,الميزانية
            1214789-احلام معدني,الزبائن,الميزانية
            121479-مياس حبش,الزبائن,الميزانية
            1214790-نداء جاموس,الزبائن,الميزانية
            1214791-علي معتوق,الزبائن,الميزانية
            1214792-سيدرا طالب,الزبائن,الميزانية
            1214793-عبدالله محمد خالد,الزبائن,الميزانية
            1214794-رنيم الرفاعي,الزبائن,الميزانية
            1214795-تقى كريز,الزبائن,الميزانية
            1214796-براءة جمعة,الزبائن,الميزانية
            1214797-صهيب ابو حمرة,الزبائن,الميزانية
            1214798-ليث محمد عماد المرجي,الزبائن,الميزانية
            1214799-محمود محاسن,الزبائن,الميزانية
            12148-نايف الباشا,الزبائن,الميزانية
            121480-عبد المولى برغلة,الزبائن,الميزانية
            1214800-ريم قريش,الزبائن,الميزانية
            1214801-ايمان دلعين,الزبائن,الميزانية
            1214802-بكر الطحان,الزبائن,الميزانية
            1214803-جهاد سريوي,الزبائن,الميزانية
            1214804-نورة عصفور,الزبائن,الميزانية
            1214805-ريهام بيضون,الزبائن,الميزانية
            1214806-دعاء درويش,الزبائن,الميزانية
            1214807-مؤيد ديماس,الزبائن,الميزانية
            1214808-سامر سامر,الزبائن,الميزانية
            1214809-انوار الرفاعي,الزبائن,الميزانية
            121481-معازقرقور,الزبائن,الميزانية
            1214810-بتول محمود,الزبائن,الميزانية
            1214811-عدنان برمو,الزبائن,الميزانية
            1214812-نور مهند,الزبائن,الميزانية
            1214813-يحيى الغبرة,الزبائن,الميزانية
            1214814-محمد الغضبان,الزبائن,الميزانية
            1214815-عطاء السوادي,الزبائن,الميزانية
            1214816-محمد منصور,الزبائن,الميزانية
            1214817-مجاهد السوادي,الزبائن,الميزانية
            1214818-رلا ليالي,الزبائن,الميزانية
            1214819-عبدالمجيد الخطيب,الزبائن,الميزانية
            121482-معاذ قرقور,الزبائن,الميزانية
            1214820-اكرم الموالدي,الزبائن,الميزانية
            1214821-خالد ملاش,الزبائن,الميزانية
            1214822-نوال سمور,الزبائن,الميزانية
            1214823-اية حنش,الزبائن,الميزانية
            1214824-كامل عقلة,الزبائن,الميزانية
            1214825-راما الشعار,الزبائن,الميزانية
            1214826-علي البيضة,الزبائن,الميزانية
            1214827-ابراهيم حافظ,الزبائن,الميزانية
            121483-ملهم عبيد,الزبائن,الميزانية
            121484-عمر الحليبي,الزبائن,الميزانية
            121485-ازهار السوادي,الزبائن,الميزانية
            121486-روزلين الاحمر,الزبائن,الميزانية
            121487-عبدالله تميم,الزبائن,الميزانية
            121488-ابراهيم الرفاعي,الزبائن,الميزانية
            121489-عبادة,الزبائن,الميزانية
            12149-رهف عرنوس,الزبائن,الميزانية
            121490-منال الهندي,الزبائن,الميزانية
            121491-ليندا الرفاعي,الزبائن,الميزانية
            121492-رجا موسى,الزبائن,الميزانية
            121493-عبدالرحمن العوض,الزبائن,الميزانية
            121494-اريج الباشا,الزبائن,الميزانية
            121495-ليان جاموس,الزبائن,الميزانية
            121496-اية العرنوس,الزبائن,الميزانية
            121497-ليليان قطيمش,الزبائن,الميزانية
            121498-ريم هزاع,الزبائن,الميزانية
            121499-مايا عبدالجليل,الزبائن,الميزانية
            12150-شام 5100,الزبائن,الميزانية
            121500-قصي تقلس,الزبائن,الميزانية
            121501-ديانا حمود,الزبائن,الميزانية
            121502-عمر السباعي,الزبائن,الميزانية
            121503-بنان حمزة,الزبائن,الميزانية
            121504-رندة عرفة,الزبائن,الميزانية
            121505-عبدالرحمن صراميجو,الزبائن,الميزانية
            121506-احمد التلي,الزبائن,الميزانية
            121507-مروة جاموس,الزبائن,الميزانية
            121508-دلع عزيزة,الزبائن,الميزانية
            121509-شفق الصباح,الزبائن,الميزانية
            12151-عبير بيطار,الزبائن,الميزانية
            121510-دانة الصغير,الزبائن,الميزانية
            121511-تالا مارديني,الزبائن,الميزانية
            121512-ماريا السوادي,الزبائن,الميزانية
            121513-فرح جيرون,الزبائن,الميزانية
            121514-شام السحلي,الزبائن,الميزانية
            121515-انس الشلبي,الزبائن,الميزانية
            121516-رغد لاذقاني,الزبائن,الميزانية
            121517-بتول درزي,الزبائن,الميزانية
            121518-صابرين ابراهيم,الزبائن,الميزانية
            121519-لما ابو حسن,الزبائن,الميزانية
            12152-نور الهدى,الزبائن,الميزانية
            121520-ميسم,الزبائن,الميزانية
            121521-ايمان برغلة,الزبائن,الميزانية
            121522-شهد عزيزة,الزبائن,الميزانية
            121523-رهف نور الدين,الزبائن,الميزانية
            121524-امنة عابدة,الزبائن,الميزانية
            121525-ايلاف محمد,الزبائن,الميزانية
            121526-محمد بشير,الزبائن,الميزانية
            121527-سلطان سنجاب,الزبائن,الميزانية
            121528-ايه الشلبي,الزبائن,الميزانية
            121529-محمود عوض,الزبائن,الميزانية
            12153-مايا,الزبائن,الميزانية
            121530-سلطان,الزبائن,الميزانية
            121531-طارق نعيم,الزبائن,الميزانية
            121532-مرهف قهوجي,الزبائن,الميزانية
            121533-اسلام سلعس,الزبائن,الميزانية
            121534-عبدالله الشلبي,الزبائن,الميزانية
            121535-فيصل حافظ,الزبائن,الميزانية
            121536-نوار السوادي,الزبائن,الميزانية
            121537-بيان بشارة,الزبائن,الميزانية
            121538-رهف الشمري,الزبائن,الميزانية
            121539-تغريد عزيزة,الزبائن,الميزانية
            12154-زكريا,الزبائن,الميزانية
            121540-امل حرب,الزبائن,الميزانية
            121541-هبة عرفة,الزبائن,الميزانية
            121542-ابرار طالب,الزبائن,الميزانية
            121543-اية معتوق,الزبائن,الميزانية
            121544-سما غضبان,الزبائن,الميزانية
            121545-عز الدين ميرو,الزبائن,الميزانية
            121546-منى عوام,الزبائن,الميزانية
            121547-مؤمن الكنعان,الزبائن,الميزانية
            121548-رهف الحبشي,الزبائن,الميزانية
            121549-ود عرنوس,الزبائن,الميزانية
            12155-عمران صالح,الزبائن,الميزانية
            121550-امير القدور,الزبائن,الميزانية
            121551-عبيدة الطحان,الزبائن,الميزانية
            121552-عبدالله ابو قبع,الزبائن,الميزانية
            121553-ملاك الشعار,الزبائن,الميزانية
            121554-يحيى ظاهر,الزبائن,الميزانية
            121555-ليث,الزبائن,الميزانية
            121556-احمد الحبشي,الزبائن,الميزانية
            121557-طارق الهندي,الزبائن,الميزانية
            121558-ابو جعفر,الزبائن,الميزانية
            121559-حسن الصمل,الزبائن,الميزانية
            12156-وسام الاغبر,الزبائن,الميزانية
            121560-هنادي كنينة,الزبائن,الميزانية
            121561-نجلاء برغلة,الزبائن,الميزانية
            121562-سلوى عودة,الزبائن,الميزانية
            121563-شام البدوي,الزبائن,الميزانية
            121564-عمرو بشير,الزبائن,الميزانية
            121565-وائل سلعس,الزبائن,الميزانية
            121566-مؤيد سنجاب,الزبائن,الميزانية
            121567-لين الرفاعي,الزبائن,الميزانية
            121568-محمد زيدان,الزبائن,الميزانية
            121569-لين يلش,الزبائن,الميزانية
            12157-نافع الاحمر,الزبائن,الميزانية
            121570-محمد دله,الزبائن,الميزانية
            121571-محمد سباعي,الزبائن,الميزانية
            121572-نبر اس الرفاعي,الزبائن,الميزانية
            121573-انسام العيسر,الزبائن,الميزانية
            121574-يامن ناجي,الزبائن,الميزانية
            121575-احمد ميسان,الزبائن,الميزانية
            121576-رود العيسى,الزبائن,الميزانية
            121577-اية هوت تسنيم سبانش,الزبائن,الميزانية
            121578-حسن يمار,الزبائن,الميزانية
            121579-عبد الله جاموس,الزبائن,الميزانية
            12158-محمد الاغبر,الزبائن,الميزانية
            121580-رغد خروس,الزبائن,الميزانية
            121581-وائل الخطاب,الزبائن,الميزانية
            121582-سليمان المزروع,الزبائن,الميزانية
            121583-احمد,الزبائن,الميزانية
            121584-مجد الخشن,الزبائن,الميزانية
            121585-علي سعيد,الزبائن,الميزانية
            121586-احمد عساف,الزبائن,الميزانية
            121587-سامية الحليبي,الزبائن,الميزانية
            121588-محمود ناصر,الزبائن,الميزانية
            121589-محمد شحادة,الزبائن,الميزانية
            12159-خالد عزيز,الزبائن,الميزانية
            121590-سمر الغضبان,الزبائن,الميزانية
            121591-مرح ايوب,الزبائن,الميزانية
            121592-سنا خالد,الزبائن,الميزانية
            121593-حلا دقو,الزبائن,الميزانية
            121594-سوزان الصمل,الزبائن,الميزانية
            121595-سميرة الخطاب,الزبائن,الميزانية
            121596-رهف جازية,الزبائن,الميزانية
            121597-اسماء,الزبائن,الميزانية
            121598-غنى سلميه,الزبائن,الميزانية
            121599-دانة الاحمر,الزبائن,الميزانية
            12160-نجمة خليفة,الزبائن,الميزانية
            121600-عبد العزيز الاحمر,الزبائن,الميزانية
            121601-بشير ابو الجود,الزبائن,الميزانية
            121602-روضه حجازي,الزبائن,الميزانية
            121603-ام هاشم,الزبائن,الميزانية
            121605-محمد برغلة,الزبائن,الميزانية
            121606-عدي جاموس,الزبائن,الميزانية
            121607-روضة حجازي,الزبائن,الميزانية
            121608-امتنان السوادي,الزبائن,الميزانية
            121609-تقى برغلة,الزبائن,الميزانية
            12161-لانا الحبشي,الزبائن,الميزانية
            121610-اسراء الرانس,الزبائن,الميزانية
            121611-محمد زينة,الزبائن,الميزانية
            121612-عبد الله الغضبان,الزبائن,الميزانية
            121613-ايات يوسف,الزبائن,الميزانية
            121614-محمد خير الرفاعي,الزبائن,الميزانية
            121615-سوازن شحادة,الزبائن,الميزانية
            121616-عمار جاموس,الزبائن,الميزانية
            121617-شيماء الحليبي,الزبائن,الميزانية
            121618-رانيا زينيه,الزبائن,الميزانية
            121619-راما برمو,الزبائن,الميزانية
            12162-فارس سعيد,الزبائن,الميزانية
            121620-مجد عبد الحكيم,الزبائن,الميزانية
            121621-جودي عابده,الزبائن,الميزانية
            121622-محمد ابو قرش,الزبائن,الميزانية
            121623-ياسر جاموس,الزبائن,الميزانية
            121624-راما الخطيب,الزبائن,الميزانية
            121625-امنه حجازي,الزبائن,الميزانية
            121626-اريج عبلا,الزبائن,الميزانية
            121627-تيم العص,الزبائن,الميزانية
            121628-سهر كوران,الزبائن,الميزانية
            121629-اماني جندل,الزبائن,الميزانية
            12163-لين شاكر,الزبائن,الميزانية
            121630-عبدالرحمن الحبشي,الزبائن,الميزانية
            121631-نداء الاحمر,الزبائن,الميزانية
            121632-ميسا صفية,الزبائن,الميزانية
            121633-وسام الظاهر,الزبائن,الميزانية
            121634-عمار الخطيب,الزبائن,الميزانية
            121635-عثمان الشلبي,الزبائن,الميزانية
            121636-جودي الرفاعي,الزبائن,الميزانية
            121637-ايمان غويش,الزبائن,الميزانية
            121638-مجد عرفة,الزبائن,الميزانية
            121639-حلا كريز,الزبائن,الميزانية
            12164-غنوة البني,الزبائن,الميزانية
            121640-ليان الدادا,الزبائن,الميزانية
            121641-روان عرنوس,الزبائن,الميزانية
            121642-ايه غضبان,الزبائن,الميزانية
            121643-جودي المغربي,الزبائن,الميزانية
            121644-طيبه جمعه,الزبائن,الميزانية
            121645-شادن الزلم,الزبائن,الميزانية
            121646-غلا جميله,الزبائن,الميزانية
            121647-سارا دعمش,الزبائن,الميزانية
            121648-نور عرنوس,الزبائن,الميزانية
            121649-ليان محمد,الزبائن,الميزانية
            12165-هبة البج,الزبائن,الميزانية
            121650-سعيد المظلوم,الزبائن,الميزانية
            121651-قطيبه بحلاق,الزبائن,الميزانية
            121652-وعد زرعا,الزبائن,الميزانية
            121653-يمان طالب,الزبائن,الميزانية
            121654-احمد راتب,الزبائن,الميزانية
            121655-ام علي حجازي,الزبائن,الميزانية
            121656-عبد الله الرفاعي,الزبائن,الميزانية
            121657-سارة الشلبي,الزبائن,الميزانية
            121658-عبد الرحمن عرنوس,الزبائن,الميزانية
            121659-نور دبوس,الزبائن,الميزانية
            12166-منار كنينة,الزبائن,الميزانية
            121660-فياض عرنوس,الزبائن,الميزانية
            121661-جلال,الزبائن,الميزانية
            121662-مصعب سليمان,الزبائن,الميزانية
            121663-الماس,الزبائن,الميزانية
            121664-عمر غزاله,الزبائن,الميزانية
            121665-الهنوف حسين,الزبائن,الميزانية
            121666-رزان محمد,الزبائن,الميزانية
            121667-حلا صراميجو,الزبائن,الميزانية
            121668-زين ابو قش,الزبائن,الميزانية
            121669-يزن السوادي,الزبائن,الميزانية
            12167-شهد سعيد,الزبائن,الميزانية
            121670-سلسبيل غويش,الزبائن,الميزانية
            121671-دعاء الخال,الزبائن,الميزانية
            121672-جودت,الزبائن,الميزانية
            121673-عثمان الرفاعي,الزبائن,الميزانية
            121674-علي صراميجو,الزبائن,الميزانية
            121675-شهد جاموس,الزبائن,الميزانية
            121676-عليا خليل,الزبائن,الميزانية
            121677-عصام دخان,الزبائن,الميزانية
            121678-ريماس خلوف,الزبائن,الميزانية
            121679-انس عابده,الزبائن,الميزانية
            12168-هديل جاموس,الزبائن,الميزانية
            121680-عادل كريز,الزبائن,الميزانية
            121681-ثائر الحبشي,الزبائن,الميزانية
            121682-عهد الشلبي,الزبائن,الميزانية
            121683-ايهم الرفاعي,الزبائن,الميزانية
            121684-سامي بشير,الزبائن,الميزانية
            121685-عبود الاحمر,الزبائن,الميزانية
            121686-اية حجازي,الزبائن,الميزانية
            121687-انس المضرماني,الزبائن,الميزانية
            121688-اماني صالح,الزبائن,الميزانية
            121689-ياسر حجازي,الزبائن,الميزانية
            12169-لمار محمد,الزبائن,الميزانية
            121690-مؤمن طلب,الزبائن,الميزانية
            121691-حنان السوادي,الزبائن,الميزانية
            121692-ابراهيم الياسين,الزبائن,الميزانية
            121693-عمار طالب,الزبائن,الميزانية
            121694-انس برمو,الزبائن,الميزانية
            121695-هبة شلبي,الزبائن,الميزانية
            121696-البيرقدار,الزبائن,الميزانية
            121697-دانا نوري,الزبائن,الميزانية
            121698-ابو رشيد شمو,الزبائن,الميزانية
            121699-بتول الشياح,الزبائن,الميزانية
            12170-طارق,الزبائن,الميزانية
            121700-عمير برمو,الزبائن,الميزانية
            121701-عبد الاطرش,الزبائن,الميزانية
            121702-لجين عبيد,الزبائن,الميزانية
            121703-سنا السوادي,الزبائن,الميزانية
            121704-صلاح الدين زينة,الزبائن,الميزانية
            121705-محمد نجمة,الزبائن,الميزانية
            121706-عائشة الاحمر,الزبائن,الميزانية
            121707-عبد العظيم سلعس,الزبائن,الميزانية
            121708-حمود الصايل,الزبائن,الميزانية
            121709-رنا سنجاب,الزبائن,الميزانية
            12171-محمد,الزبائن,الميزانية
            121710-عبد الرحمن بشير,الزبائن,الميزانية
            121711-وليد السوادي,الزبائن,الميزانية
            121712-رؤى جمال,الزبائن,الميزانية
            121713-فاطمة بيطار,الزبائن,الميزانية
            121714-علا حجازي,الزبائن,الميزانية
            121715-احمد حح,الزبائن,الميزانية
            121716-محمد بريغش,الزبائن,الميزانية
            121717-شام عرنوس,الزبائن,الميزانية
            121718-اماني 44,الزبائن,الميزانية
            121719-محمد الحسين,الزبائن,الميزانية
            12172-تسنيم,الزبائن,الميزانية
            121720-فاتن الرفاعي,الزبائن,الميزانية
            121721-شمس يوسف,الزبائن,الميزانية
            121722-رغد عبيد,الزبائن,الميزانية
            121723-يامن الشلبي,الزبائن,الميزانية
            121724-مجد عمر,الزبائن,الميزانية
            121725-نتالي محمد,الزبائن,الميزانية
            121726-محمد الاحمر,الزبائن,الميزانية
            121727-جواد جاموس,الزبائن,الميزانية
            121728-محمد ربيع برغلة,الزبائن,الميزانية
            121729-امنة الخطيب,الزبائن,الميزانية
            12173-عبدالرحمن,الزبائن,الميزانية
            121730-عبير اسعد,الزبائن,الميزانية
            121731-0968354435,الزبائن,الميزانية
            121732-مرح الرفاعي,الزبائن,الميزانية
            121733-سدرة الغبرة,الزبائن,الميزانية
            121734-عزيزة سميطة,الزبائن,الميزانية
            121735-محمود المحمود,الزبائن,الميزانية
            121736-حنين حسن,الزبائن,الميزانية
            121737-عبدالرحمن ابو خالد,الزبائن,الميزانية
            121738-سدرة خليفة,الزبائن,الميزانية
            121739-اميرة ميرو,الزبائن,الميزانية
            12174-الاء,الزبائن,الميزانية
            121740-سائد علعل,الزبائن,الميزانية
            121741-محمدةالاحمد,الزبائن,الميزانية
            121742-يحيى ابريق,الزبائن,الميزانية
            121743-صبى عرفة,الزبائن,الميزانية
            121744-محمد محمد,الزبائن,الميزانية
            121745-الاء ابو قبع,الزبائن,الميزانية
            121746-جهاد2,الزبائن,الميزانية
            121747-عصام بلبل,الزبائن,الميزانية
            121748-بلال النابلسي,الزبائن,الميزانية
            121749-رامي خان,الزبائن,الميزانية
            12175-بتول,الزبائن,الميزانية
            121750-استاذ زاهر,الزبائن,الميزانية
            121751-صهيب قاسم,الزبائن,الميزانية
            121752-بو عدي الغبرة,الزبائن,الميزانية
            121753-حسان دردر,الزبائن,الميزانية
            121754-فاروق عقلة,الزبائن,الميزانية
            121755-مجد الرانس,الزبائن,الميزانية
            121756-ريم طالب,الزبائن,الميزانية
            121757-ظلال ميرو,الزبائن,الميزانية
            121758-ليلاس مغمومة,الزبائن,الميزانية
            121759-بسمة برغلة,الزبائن,الميزانية
            12176-محمد عفا الرفاعي,الزبائن,الميزانية
            121760-رهف سلمى,الزبائن,الميزانية
            121761-مرال كحيلان,الزبائن,الميزانية
            121762-احمد عجاجة,الزبائن,الميزانية
            121763-اريام الاسعد,الزبائن,الميزانية
            121764-حمزة العيسى,الزبائن,الميزانية
            121765-رزان الياسين,الزبائن,الميزانية
            121766-ربا الاحمر,الزبائن,الميزانية
            121767-سعيد الهاماني,الزبائن,الميزانية
            121768-محمد شاهين,الزبائن,الميزانية
            121769-بهاء جاموس,الزبائن,الميزانية
            12177-نتالي,الزبائن,الميزانية
            121770-موئد الرفاعي,الزبائن,الميزانية
            121771-عبدالاله دعمش,الزبائن,الميزانية
            121772-ولاء فؤاد,الزبائن,الميزانية
            121773-عبد الرحمن ابو  حسن,الزبائن,الميزانية
            121774-سندس زريق,الزبائن,الميزانية
            121775-اسراء صراميجو,الزبائن,الميزانية
            121776-بتول شهاب,الزبائن,الميزانية
            121777-سوسن عثمان,الزبائن,الميزانية
            121778-عمر البطحيش,الزبائن,الميزانية
            121779-افنان السحلي,الزبائن,الميزانية
            12178-تالا,الزبائن,الميزانية
            121780-جمانة برمو,الزبائن,الميزانية
            121781-افنان الشلبي,الزبائن,الميزانية
            121782-مضر شاكر,الزبائن,الميزانية
            121783-عبدالوهاب الرفاعي,الزبائن,الميزانية
            121784-فرح الغضبان,الزبائن,الميزانية
            121785-افنان اكرم,الزبائن,الميزانية
            121786-فدوى عباس,الزبائن,الميزانية
            121787-ملاز صليبة,الزبائن,الميزانية
            121788-خالد بن الوليد,الزبائن,الميزانية
            121789-روعة الغالي,الزبائن,الميزانية
            12179-راما,الزبائن,الميزانية
            121790-حلا عرفة,الزبائن,الميزانية
            121791-محمد حجازي,الزبائن,الميزانية
            121792-محمد سلمى,الزبائن,الميزانية
            121793-بشير صالح,الزبائن,الميزانية
            121794-ملاك ناصر,الزبائن,الميزانية
            121795-اريج فرج,الزبائن,الميزانية
            121796-سيدرا حسين,الزبائن,الميزانية
            121797-ايه خرسه,الزبائن,الميزانية
            121798-ايه اجميلي,الزبائن,الميزانية
            121799-محمد عرفه,الزبائن,الميزانية
            12180-فارس فرحات,الزبائن,الميزانية
            121800-وعد بازر باشي,الزبائن,الميزانية
            121801-نايا التل,الزبائن,الميزانية
            121802-جودي ضاهر,الزبائن,الميزانية
            121803-مياس يحيى,الزبائن,الميزانية
            121804-وعد 00,الزبائن,الميزانية
            121805-قصي القصيمي,الزبائن,الميزانية
            121806-بيان شربط,الزبائن,الميزانية
            121807-بلال سلعس,الزبائن,الميزانية
            121808-رامي نجمة,الزبائن,الميزانية
            121809-تسنيم نايف,الزبائن,الميزانية
            12181-عبد الملك الخطاب,الزبائن,الميزانية
            121810-غدير السبع,الزبائن,الميزانية
            121811-اسامة عبد القدور,الزبائن,الميزانية
            121812-كنان,الزبائن,الميزانية
            121813-اية جاموس,الزبائن,الميزانية
            121814-عبد الرحمن السالم,الزبائن,الميزانية
            121815-اسماء الرفاعي,الزبائن,الميزانية
            121816-احمد الشيخ علي,الزبائن,الميزانية
            121817-سليم الحبشي,الزبائن,الميزانية
            121818-علي السحلي,الزبائن,الميزانية
            121819-عبد الحكيم حجازي,الزبائن,الميزانية
            12182-مريم حسن,الزبائن,الميزانية
            121820-محمد مارديني,الزبائن,الميزانية
            121821-سلطان سميطة,الزبائن,الميزانية
            121822-عبدالحكيم حجازي,الزبائن,الميزانية
            121823-بشار جامع,الزبائن,الميزانية
            121824-ايمن حنس,الزبائن,الميزانية
            121825-مودة الهندي,الزبائن,الميزانية
            121826-عهد الغبرة,الزبائن,الميزانية
            121827-ميسم برغلة,الزبائن,الميزانية
            121828-ابو زيد,الزبائن,الميزانية
            121829-رؤئ ام جود,الزبائن,الميزانية
            12183-عمار حجازي,الزبائن,الميزانية
            121830-رنا عصفور,الزبائن,الميزانية
            121831-الاء شلبي,الزبائن,الميزانية
            121832-سعيد نايف,الزبائن,الميزانية
            121833-محمد خير بيك,الزبائن,الميزانية
            121834-شلبي,الزبائن,الميزانية
            121835-احمد السحلي,الزبائن,الميزانية
            121836-تاج عصفور,الزبائن,الميزانية
            121837-عبد الحفيظ صالح,الزبائن,الميزانية
            121838-تغريد برغله,الزبائن,الميزانية
            121839-ياسر 648,الزبائن,الميزانية
            12184-محمد الشعار,الزبائن,الميزانية
            121840-سامر الحبشي,الزبائن,الميزانية
            121841-مريم مصمص,الزبائن,الميزانية
            121842-شيماء الهايل,الزبائن,الميزانية
            121843-يمان الله ناجي,الزبائن,الميزانية
            121844-تغريد خرسه,الزبائن,الميزانية
            121845-لجين السوادي,الزبائن,الميزانية
            121846-ازهار  عبدلله,الزبائن,الميزانية
            121847-لانا فرعون,الزبائن,الميزانية
            121848-اسامة كريمة,الزبائن,الميزانية
            121849-عبير الرفاعي,الزبائن,الميزانية
            12185-رائد الاحمر,الزبائن,الميزانية
            121850-عبدالهادي حنيفة,الزبائن,الميزانية
            121851-معاذ محمد,الزبائن,الميزانية
            121852-عدي دبورة,الزبائن,الميزانية
            121853-عبد الله النضر,الزبائن,الميزانية
            121854-ابو عبدو,الزبائن,الميزانية
            121855-شام ابو شاهين,الزبائن,الميزانية
            121856-ام يزن,الزبائن,الميزانية
            121857-محمد وهبي,الزبائن,الميزانية
            121858-هبة اقسيمي,الزبائن,الميزانية
            121859-شام سعيد,الزبائن,الميزانية
            12186-بشرى الخطيب,الزبائن,الميزانية
            121860-مايا الرفاعي,الزبائن,الميزانية
            121861-مرح قصقص,الزبائن,الميزانية
            121862-سيدرة خليفة,الزبائن,الميزانية
            121863-نورة صالح,الزبائن,الميزانية
            121864-ام عبدو,الزبائن,الميزانية
            121865-زين برغلة,الزبائن,الميزانية
            121866-رؤى العبيد,الزبائن,الميزانية
            121867-عبد العزيز الحبشي,الزبائن,الميزانية
            121868-سارة 516,الزبائن,الميزانية
            121869-محمد جاموس,الزبائن,الميزانية
            12187-بتول خريش,الزبائن,الميزانية
            121870-حمزة جاموس,الزبائن,الميزانية
            121871-ليلاس المزروع,الزبائن,الميزانية
            121872-عمر عبد الله علي,الزبائن,الميزانية
            121873-دانيا السحلي,الزبائن,الميزانية
            121874-نوال عرنوس,الزبائن,الميزانية
            121875-رفاه جاموس,الزبائن,الميزانية
            121876-عبير البج,الزبائن,الميزانية
            121877-اية صالح,الزبائن,الميزانية
            121878-يامن قرقور,الزبائن,الميزانية
            121879-وائل بشير سلعس,الزبائن,الميزانية
            12188-عبد الله,الزبائن,الميزانية
            121880-ناريمان البابا,الزبائن,الميزانية
            121881-صبا عسكر,الزبائن,الميزانية
            121882-مايا خليفة,الزبائن,الميزانية
            121883-زكية باكير,الزبائن,الميزانية
            121884-فهد فيصل,الزبائن,الميزانية
            121885-احمد ابو حسن,الزبائن,الميزانية
            121886-راما عفا الرفاعي,الزبائن,الميزانية
            121887-حنين سلعس,الزبائن,الميزانية
            121888-مريم111,الزبائن,الميزانية
            121889-مريم اللحام,الزبائن,الميزانية
            12189-احمد جاموس,الزبائن,الميزانية
            121890-عبد الناصر المولى,الزبائن,الميزانية
            121891-امجد خرسة,الزبائن,الميزانية
            121892-العنود,الزبائن,الميزانية
            121893-ديمة عثمان,الزبائن,الميزانية
            121894-راكان الغريب,الزبائن,الميزانية
            121895-شام فايز,الزبائن,الميزانية
            121896-عامر سنجاب,الزبائن,الميزانية
            121897-اية العلي,الزبائن,الميزانية
            121898-ابو غيث,الزبائن,الميزانية
            121899-شهد الاحمر,الزبائن,الميزانية
            1219-محمدايهم بشير,الزبائن,الميزانية
            12190-محمد الاغا,الزبائن,الميزانية
            121900-عائشة طه,الزبائن,الميزانية
            121901-روان برغلة,الزبائن,الميزانية
            121903-لجين برغلة,الزبائن,الميزانية
            121904-هدى خليفة,الزبائن,الميزانية
            121905-ام عبد الرحمن,الزبائن,الميزانية
            121906-دانيا خالد,الزبائن,الميزانية
            121907-فرح اغا,الزبائن,الميزانية
            121908-ادم الرفاعي,الزبائن,الميزانية
            121909-عبدالهادي البرزاوي,الزبائن,الميزانية
            12191-سدرة عبلا,الزبائن,الميزانية
            121910-جودي عابدة,الزبائن,الميزانية
            121911-جودي حبش,الزبائن,الميزانية
            121912-ابو يوسف الحبشي,الزبائن,الميزانية
            121913-احمد خلوف,الزبائن,الميزانية
            121914-احمد جاموس 580,الزبائن,الميزانية
            121915-يارا بلبل,الزبائن,الميزانية
            121916-رهف المصري,الزبائن,الميزانية
            121917-نبال السحلي,الزبائن,الميزانية
            121918-زياد طالب,الزبائن,الميزانية
            121919-راما الدسوقي,الزبائن,الميزانية
            12192-بتول حجازي,الزبائن,الميزانية
            121920-راوية السمان,الزبائن,الميزانية
            121921-عبدالعزيز الرفاعي,الزبائن,الميزانية
            121922-عبود الخطيب,الزبائن,الميزانية
            121923-حسن الحبشي,الزبائن,الميزانية
            121924-ايلاف الخالد,الزبائن,الميزانية
            121925-منار الرفاعي,الزبائن,الميزانية
            121926-لؤي الحبشي,الزبائن,الميزانية
            121927-سيرين المسالمة,الزبائن,الميزانية
            121928-ايمان الحبشي,الزبائن,الميزانية
            121929-تسنيم الحبشي,الزبائن,الميزانية
            12193-نور محمد,الزبائن,الميزانية
            121930-نور المصري,الزبائن,الميزانية
            121931-عبد الرحمن اللحام,الزبائن,الميزانية
            121932-ملاذ صليبة,الزبائن,الميزانية
            121933-غيداء البابا,الزبائن,الميزانية
            121934-حسان حجازي,الزبائن,الميزانية
            121935-حسام عبدالكريم,الزبائن,الميزانية
            121936-ماجدة مرزا,الزبائن,الميزانية
            121937-غيث البج,الزبائن,الميزانية
            121938-بلسم عرنوس,الزبائن,الميزانية
            121939-زينب البوش,الزبائن,الميزانية
            12194-مريم عبيد,الزبائن,الميزانية
            121940-لجين الحبشي,الزبائن,الميزانية
            121941-رغد عرنوس,الزبائن,الميزانية
            121942-سنا عاشور,الزبائن,الميزانية
            121943-ريماس عرنوس,الزبائن,الميزانية
            121944-منال شعبان,الزبائن,الميزانية
            121945-ريماس عمر,الزبائن,الميزانية
            121946-مريم قاضي,الزبائن,الميزانية
            121947-جودي الخطيب,الزبائن,الميزانية
            121948-حيدر عودة,الزبائن,الميزانية
            121949-محمد صراميجو,الزبائن,الميزانية
            12195-لجين بلبل,الزبائن,الميزانية
            121950-شام قداح,الزبائن,الميزانية
            121951-عبدلله لولو,الزبائن,الميزانية
            121952-رنيم مسالمة,الزبائن,الميزانية
            121953-محمد زين,الزبائن,الميزانية
            121954-باسل الدقاق,الزبائن,الميزانية
            121955-مجد جاموس,الزبائن,الميزانية
            121956-عبدالملك الشلبي,الزبائن,الميزانية
            121957-قمر 230,الزبائن,الميزانية
            121958-شام الخطيب,الزبائن,الميزانية
            121959-اسيد كوجك,الزبائن,الميزانية
            12196-تهاني حجازي,الزبائن,الميزانية
            121960-رهف سكري,الزبائن,الميزانية
            121961-عبد الملك عبد ربه,الزبائن,الميزانية
            121962-يوسف عبيد,الزبائن,الميزانية
            121963-مريم الرفاعي,الزبائن,الميزانية
            121964-شهد عرابي,الزبائن,الميزانية
            121965-ليان شكر,الزبائن,الميزانية
            121966-شهد زعويط,الزبائن,الميزانية
            121967-بانا حجازي,الزبائن,الميزانية
            121968-اميرة ملك,الزبائن,الميزانية
            121969-حلا الاحمد,الزبائن,الميزانية
            12197-سلام عودة,الزبائن,الميزانية
            121970-فاطمة برغلة,الزبائن,الميزانية
            121971-كرم الهندي,الزبائن,الميزانية
            121972-احمد حبش,الزبائن,الميزانية
            121973-رغد بريغش,الزبائن,الميزانية
            121974-صهيب بلبل,الزبائن,الميزانية
            121975-صفوان برغلة,الزبائن,الميزانية
            121976-رؤى الصافي,الزبائن,الميزانية
            121977-عرنوس,الزبائن,الميزانية
            121978-ياسمين كلثوم,الزبائن,الميزانية
            121979-عمر غويش,الزبائن,الميزانية
            12198-جواد,الزبائن,الميزانية
            121980-محمد سعيد,الزبائن,الميزانية
            121981-رغد عراب,الزبائن,الميزانية
            121982-معتصم برمو,الزبائن,الميزانية
            121983-ربيع الشلبي,الزبائن,الميزانية
            121984-طارق 44,الزبائن,الميزانية
            121985-جمانة محمود,الزبائن,الميزانية
            121986-عائشة كريز,الزبائن,الميزانية
            121987-هديل حافظ,الزبائن,الميزانية
            121988-اسماء عابدة,الزبائن,الميزانية
            121989-شمس الموق,الزبائن,الميزانية
            12199-حنين البج,الزبائن,الميزانية
            121990-اياد عبيد,الزبائن,الميزانية
            121991-هبة الشلبي,الزبائن,الميزانية
            121992-دانة الرفاعي,الزبائن,الميزانية
            121993-طلال زينة,الزبائن,الميزانية
            121994-لين الرفاعي2,الزبائن,الميزانية
            121995-نغم الاحمر,الزبائن,الميزانية
            121996-شيماء الاحمر,الزبائن,الميزانية
            121997-ملاك عاشور,الزبائن,الميزانية
            121998-سارة سمان,الزبائن,الميزانية
            121999-حسن جاموس,الزبائن,الميزانية
         122-مدينون مختلفون,الموجودات المتداولة,الميزانية
         123-مسحوبات الشركاء,الموجودات المتداولة,الميزانية
         124-المخزون,الموجودات المتداولة,الميزانية
         126-السلف,الموجودات المتداولة,الميزانية
         127-مدفوعات سنوية,الموجودات المتداولة,الميزانية
            1271-مسبق الدفع فينيكس,مدفوعات سنوية,الميزانية
            1272-مجمع ايجار المحل,مدفوعات سنوية,الميزانية
         128-مشتريات بتسليم اجل,الموجودات المتداولة,الميزانية
      13-الأموال الجاهزة,الموجودات,الميزانية
         131-صندوق كاش,الأموال الجاهزة,الميزانية
         132-الصندوق الرئيسي,الأموال الجاهزة,الميزانية
         133-صندوق الدولار,الأموال الجاهزة,الميزانية
         134-صندوق دولار رأس مال عام,الأموال الجاهزة,الميزانية
         135-صندوق الصيانة و التصليحات,الأموال الجاهزة,الميزانية
         136-صندوق شام كاش,الأموال الجاهزة,الميزانية
         137-صندوق شام كاش دولار,الأموال الجاهزة,الميزانية
         138-الخزنة ( البيت ),الأموال الجاهزة,الميزانية
         139-صندوق TierFour,الأموال الجاهزة,الميزانية
   2-المطاليب,,الميزانية
      21-المطاليب الثابتة,المطاليب,الميزانية
         211-رأس المال,المطاليب الثابتة,الميزانية
            2111-رأس مال عبدالله,رأس المال,الميزانية
            2112-رأس مال عبدالعزيز,رأس المال,الميزانية
            2113-رأس مال عبدالاله,رأس المال,الميزانية
            2114-رأس مال علي,رأس المال,الميزانية
      22-المطاليب المتداولة,المطاليب,الميزانية
         222-دائنون مختلفون,المطاليب المتداولة,الميزانية
         223-موردين,المطاليب المتداولة,الميزانية
            2231-معمل ياسمين السوادي للحلى,موردين,الميزانية
            22310-ابو عماد الساعور زجاج واجهات,موردين,الميزانية
            22311-ابو قصي جلي بلاط,موردين,الميزانية
            22314-شركة غودي لمنتجات الالبان,موردين,الميزانية
            22315-متجر درب كوفي للقهوة,موردين,الميزانية
            22316-ديلو فود,موردين,الميزانية
            22317-مركز الايمان,موردين,الميزانية
            22318-مركز البرايا,موردين,الميزانية
            22319-محل ابو حسام للخضار والفواكهة,موردين,الميزانية
            2232-مطبعة برايم,موردين,الميزانية
            22320-مجموعة الشام الاصيلة شامين,موردين,الميزانية
            22321-محمصة ارت للبن المختص,موردين,الميزانية
            22322-بقالة الرفاعي,موردين,الميزانية
            22323-مؤسسة الارياف لمنتجات الاجبان,موردين,الميزانية
            22324-شركة مسارات للتجارة,موردين,الميزانية
            22325-مصنع نكهات الذهبية,موردين,الميزانية
            22326-محيسن للتكييفات,موردين,الميزانية
               223261-محيسن للتكييفات ليرة,محيسن للتكييفات,الميزانية
               223262-محيسن للتكييفات دولار,محيسن للتكييفات,الميزانية
            22327-البصلة لمواد البناء,موردين,الميزانية
            22328-فايبر فاي,موردين,الميزانية
            22329-مصنع مياه الفيجة,موردين,الميزانية
            2233-محمصة سويلانو,موردين,الميزانية
            22330-برينت ستايل للدعاية والاعلان,موردين,الميزانية
            22331-مؤسسة تكامل الرواد للتجارة,موردين,الميزانية
            22332-محمصة كيف الشيوخ,موردين,الميزانية
            22334-احمد شمص,موردين,الميزانية
            22335-احمد لبابيدي للتغليف,موردين,الميزانية
            22336-شركة الخشن فود للتعبئة والتغليف,موردين,الميزانية
            22337-ستارت اب,موردين,الميزانية
            22338-مؤسسة رياض الطباع واولاده,موردين,الميزانية
            22339-فعالية الخرز,موردين,الميزانية
            2234-محمصة سلان,موردين,الميزانية
            22340-عميل اجل,موردين,الميزانية
            22341-الشركة السورية للاستثمارات الغذائية,موردين,الميزانية
            2235-مقسوم ماركت,موردين,الميزانية
            2236-محل ابو وطن للتنجيد,موردين,الميزانية
            2237-ابو جابر لاعمال السباكة,موردين,الميزانية
            2238-الرفاعي للطاقة,موردين,الميزانية
            2239-منجرة سقبا,موردين,الميزانية
         224-عمولات شركات التوصيل,المطاليب المتداولة,الميزانية
            2241-ليستا ستور,عمولات شركات التوصيل,الميزانية
            2242-ليستا ستور 1,عمولات شركات التوصيل,الميزانية
   3-صافي المشتريات,,المتاجرة
      31-المشتريات,صافي المشتريات,المتاجرة
      32-مردود المشتريات,صافي المشتريات,المتاجرة
      33-مصاريف نقل المشتريات,صافي المشتريات,المتاجرة
      34-الحسم المكتسب,صافي المشتريات,المتاجرة
      35-مشتريات متفرقة,صافي المشتريات,المتاجرة
         351-مواد تغليف وتعبئة,مشتريات متفرقة,المتاجرة
         352-تعبئة غاز,مشتريات متفرقة,المتاجرة
         353-مواد تصنيع متفرقة,مشتريات متفرقة,المتاجرة
         354-ماء,مشتريات متفرقة,المتاجرة
   4-صافي المبيعات,,المتاجرة
      41-المبيعات,صافي المبيعات,المتاجرة
      42-مردود المبيعات,صافي المبيعات,المتاجرة
      43-الحسم الممنوح,صافي المبيعات,المتاجرة
   5-المصاريف,,الأرباح والخسائر
      501-رواتب وأجور,المصاريف,الأرباح والخسائر
         5011-رواتب إدارية,رواتب وأجور,الأرباح والخسائر
            50111-رواتب الادارة العامة,رواتب إدارية,الأرباح والخسائر
               501111-مصاريف واجور عبدالاله السوادي,رواتب الادارة العامة,الأرباح والخسائر
                  5011111-راتب عبدالاله السوادي,مصاريف واجور عبدالاله السوادي,الأرباح والخسائر
                  5011112-بدل طعام عبدالاله السوادي,مصاريف واجور عبدالاله السوادي,الأرباح والخسائر
               501112-مصاريف واجور عبدالله السوادي,رواتب الادارة العامة,الأرباح والخسائر
                  5011121-راتب عبدالله السوادي,مصاريف واجور عبدالله السوادي,الأرباح والخسائر
            50112-رواتب القسم الاعلامي,رواتب إدارية,الأرباح والخسائر
               501121-راتب هديل الرفاعي,رواتب القسم الاعلامي,الأرباح والخسائر
               501122-مصاريف اجور سميرة الخطاب,رواتب القسم الاعلامي,الأرباح والخسائر
                  5011221-راتب سميرة الخطاب,مصاريف اجور سميرة الخطاب,الأرباح والخسائر
                  5011222-مكافات وحوافز واضافي سميرة الخطاب,مصاريف اجور سميرة الخطاب,الأرباح والخسائر
               501123-مصاريف اجور خالدة فرحات,رواتب القسم الاعلامي,الأرباح والخسائر
                  5011231-راتب خالدة فرحات,مصاريف اجور خالدة فرحات,الأرباح والخسائر
                  5011232-مكافات وحوافز و اضافي خالدة فرحات,مصاريف اجور خالدة فرحات,الأرباح والخسائر
               501124-مصاريف اجور تفوى الرفاعي,رواتب القسم الاعلامي,الأرباح والخسائر
                  5011241-راتب تقوى الرفاعي,مصاريف اجور تفوى الرفاعي,الأرباح والخسائر
                  5011242-بدل نقل تقوى الرفاعي,مصاريف اجور تفوى الرفاعي,الأرباح والخسائر
                  5011243-مكافات وحوافز واضافي تقوى الرفاعي,مصاريف اجور تفوى الرفاعي,الأرباح والخسائر
            50114-رواتب القسم المحاسبي,رواتب إدارية,الأرباح والخسائر
               501141-مصاريف اجور انس محيسن,رواتب القسم المحاسبي,الأرباح والخسائر
                  5011411-راتب انس محيسن,مصاريف اجور انس محيسن,الأرباح والخسائر
         5012-مصاريف اجور الباريستا,رواتب وأجور,الأرباح والخسائر
            50121-مصاريف باريستا - محمدجاد يغمور,مصاريف اجور الباريستا,الأرباح والخسائر
               501211-راتب محمدجاد يغمور,مصاريف باريستا - محمدجاد يغمور,الأرباح والخسائر
               501212-بدل طعام محمدجاد يغور,مصاريف باريستا - محمدجاد يغمور,الأرباح والخسائر
               501213-بونص ساعات اضافية محمدجاد يغمور,مصاريف باريستا - محمدجاد يغمور,الأرباح والخسائر
               501214-مكافات وحوافز واضافي محمدجاد يغمور,مصاريف باريستا - محمدجاد يغمور,الأرباح والخسائر
            501210-مصاريف باريستا - عبدالوهاب السوادي,مصاريف اجور الباريستا,الأرباح والخسائر
               5012101-راتب عبدالوهاب السوادي,مصاريف باريستا - عبدالوهاب السوادي,الأرباح والخسائر
               5012102-بدل طعام عبدالوهاب السوادي,مصاريف باريستا - عبدالوهاب السوادي,الأرباح والخسائر
            501215-مصاريف باريستا - يزن الرفاعي,مصاريف اجور الباريستا,الأرباح والخسائر
               5012151-راتب يزن الرفاعي,مصاريف باريستا - يزن الرفاعي,الأرباح والخسائر
               5012152-بدل طعام يزن الرفاعي,مصاريف باريستا - يزن الرفاعي,الأرباح والخسائر
               5012153-بونص ساعات اضافية يزن الرفاعي,مصاريف باريستا - يزن الرفاعي,الأرباح والخسائر
               5012154-مكافات وحوافز واضافي يزن الرفاعي,مصاريف باريستا - يزن الرفاعي,الأرباح والخسائر
            501216-مصاريف باريستا - سارة الشلبي,مصاريف اجور الباريستا,الأرباح والخسائر
               5012161-راتب سارة الشلبي,مصاريف باريستا - سارة الشلبي,الأرباح والخسائر
               5012162-بدل طعام سارة الشلبي,مصاريف باريستا - سارة الشلبي,الأرباح والخسائر
               5012163-بونص ساعات اضافية سارة الشلبي,مصاريف باريستا - سارة الشلبي,الأرباح والخسائر
               5012164-مكافات وحوافز واضافي سارة الشلبي,مصاريف باريستا - سارة الشلبي,الأرباح والخسائر
            501217-مصاريف باريستا - عبدالله جاموس,مصاريف اجور الباريستا,الأرباح والخسائر
               5012171-راتب عبدالله جاموس,مصاريف باريستا - عبدالله جاموس,الأرباح والخسائر
               5012172-بدل طعام عبدالله جاموس,مصاريف باريستا - عبدالله جاموس,الأرباح والخسائر
               5012173-بونص ساعات اضافية عبدالله جاموس,مصاريف باريستا - عبدالله جاموس,الأرباح والخسائر
               5012174-مكافات وحوافز واضافي عبدالله جاموس,مصاريف باريستا - عبدالله جاموس,الأرباح والخسائر
            50122-مصاريف باريستا - محمد الرفاعي,مصاريف اجور الباريستا,الأرباح والخسائر
               501221-راتب محمد الرفاعي,مصاريف باريستا - محمد الرفاعي,الأرباح والخسائر
               501222-بدل طعام محمد الرفاعي,مصاريف باريستا - محمد الرفاعي,الأرباح والخسائر
               501223-بونص ساعات اضافية محمد الرفاعي,مصاريف باريستا - محمد الرفاعي,الأرباح والخسائر
               501224-مكافات وحوافز واضافي محمد الرفاعي,مصاريف باريستا - محمد الرفاعي,الأرباح والخسائر
            50123-مصاريف باريستا - محمدايهم بشير,مصاريف اجور الباريستا,الأرباح والخسائر
               501231-راتب محمدايهم بشير,مصاريف باريستا - محمدايهم بشير,الأرباح والخسائر
               501232-بدل طعام محمدايهم بشير,مصاريف باريستا - محمدايهم بشير,الأرباح والخسائر
               501233-بونص ساعات اضافية محمدايهم بشير,مصاريف باريستا - محمدايهم بشير,الأرباح والخسائر
               501234-مكافات وحوافز واضافي محمدايهم بشير,مصاريف باريستا - محمدايهم بشير,الأرباح والخسائر
            50124-مصاريف باريستا - نور حمادة,مصاريف اجور الباريستا,الأرباح والخسائر
               501241-راتب نور حمادة,مصاريف باريستا - نور حمادة,الأرباح والخسائر
               501242-بدل طعام نور حمادة,مصاريف باريستا - نور حمادة,الأرباح والخسائر
               501243-بونص ساعات اضافية نور حمادة,مصاريف باريستا - نور حمادة,الأرباح والخسائر
               501244-مكافات وحوافز واضافي نور حمادة,مصاريف باريستا - نور حمادة,الأرباح والخسائر
               501245-بدل نقل نور حمادة,مصاريف باريستا - نور حمادة,الأرباح والخسائر
            50125-مصاريف باريستا - افنان الطحان,مصاريف اجور الباريستا,الأرباح والخسائر
               501251-راتب افنان الطحان,مصاريف باريستا - افنان الطحان,الأرباح والخسائر
               501252-بدل طعام افنان الطحان,مصاريف باريستا - افنان الطحان,الأرباح والخسائر
               501253-بونص ساعات اضافية افنان الطحان,مصاريف باريستا - افنان الطحان,الأرباح والخسائر
               501254-مكافات وحوافز واضافي افنان الطحان,مصاريف باريستا - افنان الطحان,الأرباح والخسائر
            50126-مصاريف باريستا - انس بعيون,مصاريف اجور الباريستا,الأرباح والخسائر
               501261-راتب انس بعيون,مصاريف باريستا - انس بعيون,الأرباح والخسائر
               501262-بدل طعام انس بعيون,مصاريف باريستا - انس بعيون,الأرباح والخسائر
               501263-بونص ساعات اضافية انس بعيون,مصاريف باريستا - انس بعيون,الأرباح والخسائر
               501264-مكافات وحوافز واضافي انس بعيون,مصاريف باريستا - انس بعيون,الأرباح والخسائر
            50127-مصاريف باريستا - محمد بربور,مصاريف اجور الباريستا,الأرباح والخسائر
               501271-راتب محمد بربور,مصاريف باريستا - محمد بربور,الأرباح والخسائر
               501272-بدل طعام محمد بربور,مصاريف باريستا - محمد بربور,الأرباح والخسائر
               501273-بونص ساعات اضافية محمد بربور,مصاريف باريستا - محمد بربور,الأرباح والخسائر
               501274-مكافات وحوافز واضافي محمد بربور,مصاريف باريستا - محمد بربور,الأرباح والخسائر
            50128-مصاريف باريستا - ياسر برغلة,مصاريف اجور الباريستا,الأرباح والخسائر
               501281-راتب ياسر برغلة,مصاريف باريستا - ياسر برغلة,الأرباح والخسائر
               501282-بدل طعام ياسر برغلة,مصاريف باريستا - ياسر برغلة,الأرباح والخسائر
               501283-بونص ساعات اضافية ياسر برغلة,مصاريف باريستا - ياسر برغلة,الأرباح والخسائر
               501284-مكافات وحوافز واضافي ياسر برغلة,مصاريف باريستا - ياسر برغلة,الأرباح والخسائر
            50129-مصاريف باريستا - امتنان السوادي,مصاريف اجور الباريستا,الأرباح والخسائر
               501291-راتب امتنان السوادي,مصاريف باريستا - امتنان السوادي,الأرباح والخسائر
               501292-بدل طعام امتنان السوادي,مصاريف باريستا - امتنان السوادي,الأرباح والخسائر
               501293-بونص ساعات اضافية امتنان السوادي,مصاريف باريستا - امتنان السوادي,الأرباح والخسائر
               501294-مكافات وحوافز واضافي امتنان السوادي,مصاريف باريستا - امتنان السوادي,الأرباح والخسائر
         5013-رواتب واجور عمال النظافة,رواتب وأجور,الأرباح والخسائر
            50131-رواتب واجور ايهم عساف,رواتب واجور عمال النظافة,الأرباح والخسائر
               501311-راتب ايهم عساف,رواتب واجور ايهم عساف,الأرباح والخسائر
               501312-بدل طعام ايهم عساف,رواتب واجور ايهم عساف,الأرباح والخسائر
               501313-مكافات وحوافز واضافي ايهم عساف,رواتب واجور ايهم عساف,الأرباح والخسائر
               501314-بونص ساعات اضافية ايهم عساف,رواتب واجور ايهم عساف,الأرباح والخسائر
               501315-انسة ايهم,رواتب واجور ايهم عساف,الأرباح والخسائر
            501310-رواتب واجور حسين الدقل,رواتب واجور عمال النظافة,الأرباح والخسائر
               5013101-راتب حسين الدقل,رواتب واجور حسين الدقل,الأرباح والخسائر
               5013102-بدل طعام حسين الدقل,رواتب واجور حسين الدقل,الأرباح والخسائر
               5013103-مكافات حسين الدقل,رواتب واجور حسين الدقل,الأرباح والخسائر
            501316-رواتب واجور كاتيا البين,رواتب واجور عمال النظافة,الأرباح والخسائر
               5013161-راتب كاتيا البين,رواتب واجور كاتيا البين,الأرباح والخسائر
               5013162-بدل طعام كاتيا البين,رواتب واجور كاتيا البين,الأرباح والخسائر
               5013163-مكافات وحوافز واضافي كاتيا البين,رواتب واجور كاتيا البين,الأرباح والخسائر
            50132-رواتب واجور زهور زريق,رواتب واجور عمال النظافة,الأرباح والخسائر
               501321-راتب زهور زريق,رواتب واجور زهور زريق,الأرباح والخسائر
               501322-مكافات وحوافز واضافي زهور زريق,رواتب واجور زهور زريق,الأرباح والخسائر
            50133-رواتب واجور احمد عساف,رواتب واجور عمال النظافة,الأرباح والخسائر
               501331-راتب احمد عساف,رواتب واجور احمد عساف,الأرباح والخسائر
               501332-بدل طعام احمد عساف,رواتب واجور احمد عساف,الأرباح والخسائر
               501333-مكافات وحوافز واضافي احمد عساف,رواتب واجور احمد عساف,الأرباح والخسائر
            50134-رواتب واجور عمال نظافة ياليومية او بالمقطوعة,رواتب واجور عمال النظافة,الأرباح والخسائر
               501341-راتب عامل نظافة ياليومية او بالمقطوعة,رواتب واجور عمال نظافة ياليومية او بالمقطوعة,الأرباح والخسائر
               501342-بدل طعام عامل نظافة ياليومية او بالمقطوعة,رواتب واجور عمال نظافة ياليومية او بالمقطوعة,الأرباح والخسائر
            50135-رواتب واجور ساجد,رواتب واجور عمال النظافة,الأرباح والخسائر
               501351-راتب ساجد,رواتب واجور ساجد,الأرباح والخسائر
               501352-بدل طعام ساجد,رواتب واجور ساجد,الأرباح والخسائر
            50136-راتب مريم,رواتب واجور عمال النظافة,الأرباح والخسائر
            50137-رواتب واجور ادريس,رواتب واجور عمال النظافة,الأرباح والخسائر
               501371-راتب ادريس,رواتب واجور ادريس,الأرباح والخسائر
               501372-بدل طعام ادريس,رواتب واجور ادريس,الأرباح والخسائر
            50138-رواتب واجور فداء قرقور,رواتب واجور عمال النظافة,الأرباح والخسائر
               501381-راتب فداء قرقور,رواتب واجور فداء قرقور,الأرباح والخسائر
               501382-بدل طعام فداء قرقور,رواتب واجور فداء قرقور,الأرباح والخسائر
               501383-اضافي ومكافات فداء قرقور,رواتب واجور فداء قرقور,الأرباح والخسائر
            50139-رواتب واجور سامر حنيفة,رواتب واجور عمال النظافة,الأرباح والخسائر
               501391-راتب سامر حنيفة,رواتب واجور سامر حنيفة,الأرباح والخسائر
               501392-بدل طعام سامر حنيفة,رواتب واجور سامر حنيفة,الأرباح والخسائر
         5016-اجور يوميات,رواتب وأجور,الأرباح والخسائر
         5019-وجبات لفريق المقهى,رواتب وأجور,الأرباح والخسائر
      502-فواتير كهرباء وماء,المصاريف,الأرباح والخسائر
         5021-فواتير كهرباء,فواتير كهرباء وماء,الأرباح والخسائر
         5022-فواتير ماء,فواتير كهرباء وماء,الأرباح والخسائر
      503-هاتف وفاكس وانترنت,المصاريف,الأرباح والخسائر
      504-مصاريف تشغيلية,المصاريف,الأرباح والخسائر
         5041-مصاريف عامة ودورية,مصاريف تشغيلية,الأرباح والخسائر
         50410-مصروفات تجارب,مصاريف تشغيلية,الأرباح والخسائر
         50411-رصيد للجوال,مصاريف تشغيلية,الأرباح والخسائر
         50412-مصاريف تحويلات بنكية,مصاريف تشغيلية,الأرباح والخسائر
         5042-فواتير نت,مصاريف تشغيلية,الأرباح والخسائر
         5043-منظفات,مصاريف تشغيلية,الأرباح والخسائر
         5044-قرطاسية ومطبوعات,مصاريف تشغيلية,الأرباح والخسائر
         5045-مصاريف تسويقية,مصاريف تشغيلية,الأرباح والخسائر
         5046-صهاريج تعبئة ماء,مصاريف تشغيلية,الأرباح والخسائر
         5047-ادوات مطبخ وبار,مصاريف تشغيلية,الأرباح والخسائر
         5048-مصاريف ادارية,مصاريف تشغيلية,الأرباح والخسائر
         5049-مصاريف متفرقة,مصاريف تشغيلية,الأرباح والخسائر
      505-مدفوعات حكومية,المصاريف,الأرباح والخسائر
         5051-مصاريف عقود وتصديقات وثبوتيات,مدفوعات حكومية,الأرباح والخسائر
         5052-مصاريف وزارة الصحة,مدفوعات حكومية,الأرباح والخسائر
         5053-ضريبة الدخل,مدفوعات حكومية,الأرباح والخسائر
         5054-مدفوعات المالية,مدفوعات حكومية,الأرباح والخسائر
         5055-مخالفات وغرامات,مدفوعات حكومية,الأرباح والخسائر
      506-اشتراكات سنوية او شهرية,المصاريف,الأرباح والخسائر
         5061-اشتراك فينيكس,اشتراكات سنوية او شهرية,الأرباح والخسائر
         5062-اشتراك الموقع,اشتراكات سنوية او شهرية,الأرباح والخسائر
      507-صيانة وقطع غيار,المصاريف,الأرباح والخسائر
      508-مصاريف فرق عملة,المصاريف,الأرباح والخسائر
      509-مصاريف عمولات توصيل,المصاريف,الأرباح والخسائر
      510-مصاريف فرق اغلاق صندوق,المصاريف,الأرباح والخسائر
      511-مصاريف نقل,المصاريف,الأرباح والخسائر
      513-مصروف ايجار محل,المصاريف,الأرباح والخسائر
      514-خسائر راس مالية,المصاريف,الأرباح والخسائر
      515-مصاريف اهتلاك,المصاريف,الأرباح والخسائر
         5161-مصروف اهتلاك اجهزة القهوة وادواتها,مصاريف اهتلاك,الأرباح والخسائر
         5162-مصروف اهتلاك التاسيس,مصاريف اهتلاك,الأرباح والخسائر
         5163-مصروف اهتلاك الشعار,مصاريف اهتلاك,الأرباح والخسائر
         5164-مصروف اهتلاك الاجهزة الكهربائية والالكترونية,مصاريف اهتلاك,الأرباح والخسائر
         5165-مصروف اهتلاك الاثاث,مصاريف اهتلاك,الأرباح والخسائر
         5166-مصروف اهتلاك الديكور,مصاريف اهتلاك,الأرباح والخسائر
   6-الايرادات,,الأرباح والخسائر
